work_id,payment_auth_before_request_count,payment_release_before_auth_count,duplicate_pfms_reference_count,zero_value_released_payment_count,payment_after_completion_count,payment_after_final_payment_count,multiple_final_payments_count,released_total_exceeds_sanction_count,payment_irregularity_evidence_count,has_payment_irregularity_evidence
W-000001,0,0,0,0,0,0,0,0,0,False
W-000002,1,0,0,0,0,0,0,0,1,True
W-000003,0,0,0,0,0,0,0,1,1,True
W-000004,1,0,0,0,0,0,0,1,2,True
W-000005,1,0,0,0,0,0,0,0,1,True
W-000006,1,0,0,0,0,0,0,0,1,True
W-000007,0,0,0,0,0,0,0,0,0,False
W-000008,1,0,0,0,0,0,0,0,1,True
W-000009,1,0,0,0,0,0,0,1,2,True
W-000010,0,0,0,0,0,0,0,0,0,False
W-000011,0,0,0,0,0,0,0,0,0,False
W-000012,1,0,0,0,0,0,0,0,1,True
W-000013,0,0,0,0,0,0,0,0,0,False
W-000014,1,0,0,0,0,0,0,1,2,True
W-000015,0,0,0,0,0,0,0,0,0,False
W-000016,0,0,0,0,0,0,0,0,0,False
W-000017,1,0,0,0,0,0,0,0,1,True
W-000018,0,0,0,0,0,0,0,1,1,True
W-000019,1,0,0,0,0,0,0,1,2,True
W-000020,0,0,0,0,0,0,0,0,0,False
W-000021,0,0,0,0,0,0,0,1,1,True
W-000022,0,0,0,0,0,0,0,1,1,True
W-000023,1,0,0,0,0,0,0,0,1,True
W-000024,0,0,0,0,0,0,0,0,0,False
W-000025,0,0,0,0,0,0,0,0,0,False
W-000026,1,0,0,0,0,0,0,0,1,True
W-000027,1,0,0,0,0,0,0,0,1,True
W-000028,0,0,0,0,0,0,0,1,1,True
W-000029,1,0,0,0,0,0,0,0,1,True
W-000030,0,0,0,0,0,0,0,0,0,False
W-000031,0,0,0,0,0,0,0,0,0,False
W-000032,1,0,0,0,0,0,0,0,1,True
W-000033,2,0,0,0,0,0,0,1,3,True
W-000034,1,0,0,0,0,0,0,0,1,True
W-000035,0,0,0,0,0,0,0,1,1,True
W-000036,0,0,0,0,0,0,0,1,1,True
W-000037,0,0,0,0,0,0,0,0,0,False
W-000038,0,0,0,0,0,0,0,0,0,False
W-000039,0,0,0,0,0,0,0,0,0,False
W-000040,0,0,0,0,0,0,0,1,1,True
W-000041,0,0,0,0,0,0,0,1,1,True
W-000042,0,0,0,0,0,0,0,0,0,False
W-000043,0,0,0,0,0,0,0,0,0,False
W-000044,1,0,0,0,0,0,0,1,2,True
W-000045,0,0,0,0,0,0,0,0,0,False
W-000046,0,0,0,0,0,0,0,1,1,True
W-000047,1,0,0,0,0,0,0,1,2,True
W-000048,0,0,0,0,0,0,0,1,1,True
W-000049,0,0,0,0,0,0,0,1,1,True
W-000050,0,0,0,0,0,0,0,1,1,True
W-000051,0,0,0,0,0,0,0,1,1,True
W-000052,0,0,0,0,0,0,0,0,0,False
W-000053,1,0,0,0,0,0,0,0,1,True
W-000054,1,0,0,0,0,0,0,1,2,True
W-000055,1,0,0,0,0,0,0,0,1,True
W-000056,0,0,0,0,0,0,0,0,0,False
W-000057,0,0,0,0,0,0,0,0,0,False
W-000058,0,0,0,0,0,0,0,0,0,False
W-000059,0,0,0,0,0,0,0,0,0,False
W-000060,0,0,0,0,0,0,0,1,1,True
W-000061,0,0,0,0,0,0,0,1,1,True
W-000062,0,0,0,0,0,0,0,0,0,False
W-000063,0,0,0,0,0,0,0,1,1,True
W-000064,1,0,0,0,0,0,0,1,2,True
W-000065,0,0,0,0,0,0,0,1,1,True
W-000066,1,0,0,0,0,0,0,1,2,True
W-000067,0,0,0,0,0,0,0,1,1,True
W-000068,0,0,0,0,0,0,0,0,0,False
W-000069,1,0,0,0,0,0,0,1,2,True
W-000070,0,0,0,0,0,0,0,0,0,False
W-000071,0,0,0,0,0,0,0,0,0,False
W-000072,0,0,0,0,0,0,0,0,0,False
W-000073,0,0,0,0,0,0,0,0,0,False
W-000074,0,0,0,0,0,0,0,0,0,False
W-000075,0,0,0,0,0,0,0,0,0,False
W-000076,0,0,0,0,0,0,0,0,0,False
W-000077,2,0,0,0,0,0,0,0,2,True
W-000078,0,0,0,0,0,0,0,0,0,False
W-000079,1,0,0,0,0,0,0,0,1,True
W-000080,0,0,0,0,0,0,0,0,0,False
W-000081,0,0,0,0,0,0,0,0,0,False
W-000082,0,0,0,0,0,0,0,1,1,True
W-000083,0,0,0,0,0,0,0,1,1,True
W-000084,1,0,0,0,0,0,0,0,1,True
W-000085,2,0,0,0,0,0,0,1,3,True
W-000086,0,0,0,0,0,0,0,0,0,False
W-000087,0,0,0,0,0,0,0,0,0,False
W-000088,0,0,0,0,0,0,0,1,1,True
W-000089,1,0,0,0,0,0,0,0,1,True
W-000090,0,0,0,0,0,0,0,1,1,True
W-000091,0,0,0,0,0,0,0,1,1,True
W-000092,0,0,0,0,0,0,0,1,1,True
W-000093,1,0,0,0,0,0,0,1,2,True
W-000094,0,0,0,0,0,0,0,0,0,False
W-000095,0,0,0,0,0,0,0,1,1,True
W-000096,0,0,0,0,0,0,0,0,0,False
W-000097,0,0,0,0,0,0,0,0,0,False
W-000098,0,0,0,0,0,0,0,0,0,False
W-000099,0,0,0,0,0,0,0,1,1,True
W-000100,0,0,0,0,0,0,0,0,0,False
W-000101,1,0,0,0,0,0,0,0,1,True
W-000102,0,0,0,0,0,0,0,0,0,False
W-000103,1,0,0,0,0,0,0,1,2,True
W-000104,0,0,0,0,0,0,0,0,0,False
W-000105,0,0,0,0,0,0,0,0,0,False
W-000106,0,0,0,0,0,0,0,0,0,False
W-000107,0,0,0,0,0,0,0,1,1,True
W-000108,0,0,0,0,0,0,0,0,0,False
W-000109,1,0,0,0,0,0,0,1,2,True
W-000110,0,0,0,0,0,0,0,0,0,False
W-000111,0,0,0,0,0,0,0,0,0,False
W-000112,0,0,0,0,0,0,0,0,0,False
W-000113,0,0,0,0,0,0,0,1,1,True
W-000114,1,0,0,0,0,0,0,0,1,True
W-000115,1,0,0,0,0,0,0,0,1,True
W-000116,0,0,0,0,0,0,0,0,0,False
W-000117,1,0,0,0,0,0,0,1,2,True
W-000118,0,0,0,0,0,0,0,1,1,True
W-000119,0,0,0,0,0,0,0,0,0,False
W-000120,0,0,0,0,0,0,0,1,1,True
W-000121,0,0,0,0,0,0,0,1,1,True
W-000122,0,0,0,0,0,0,0,1,1,True
W-000123,0,0,0,0,0,0,0,1,1,True
W-000124,0,0,0,0,0,0,0,0,0,False
W-000125,0,0,0,0,0,0,0,0,0,False
W-000126,0,0,0,0,0,0,0,0,0,False
W-000127,0,0,0,0,0,0,0,1,1,True
W-000128,0,0,0,0,0,0,0,1,1,True
W-000129,0,0,0,0,0,0,0,0,0,False
W-000130,0,0,0,0,0,0,0,1,1,True
W-000131,1,0,0,0,0,0,0,1,2,True
W-000132,1,0,0,0,0,0,0,0,1,True
W-000133,0,0,0,0,0,0,0,0,0,False
W-000134,0,0,0,0,0,0,0,0,0,False
W-000135,1,0,0,0,0,0,0,1,2,True
W-000136,0,0,0,0,0,0,0,1,1,True
W-000137,0,0,0,0,0,0,0,1,1,True
W-000138,0,0,0,0,0,0,0,0,0,False
W-000139,2,0,0,0,0,0,0,1,3,True
W-000140,0,0,0,0,0,0,0,1,1,True
W-000141,0,0,0,0,0,0,0,1,1,True
W-000142,0,0,0,0,0,0,0,0,0,False
W-000143,0,0,0,0,0,0,0,1,1,True
W-000144,0,0,0,0,0,0,0,0,0,False
W-000145,0,0,0,0,0,0,0,1,1,True
W-000146,1,0,0,0,0,0,0,1,2,True
W-000147,0,0,0,0,0,0,0,1,1,True
W-000148,0,0,0,0,0,0,0,0,0,False
W-000149,0,0,0,0,0,0,0,0,0,False
W-000150,1,0,0,0,0,0,0,0,1,True
W-000151,1,0,0,0,0,0,0,1,2,True
W-000152,1,0,0,0,0,0,0,1,2,True
W-000153,0,0,0,0,0,0,0,0,0,False
W-000154,0,0,0,0,0,0,0,1,1,True
W-000155,0,0,0,0,0,0,0,0,0,False
W-000156,0,0,0,0,0,0,0,0,0,False
W-000157,1,0,0,0,0,0,0,1,2,True
W-000158,0,0,0,0,0,0,0,0,0,False
W-000159,0,0,0,0,0,0,0,0,0,False
W-000160,0,0,0,0,0,0,0,0,0,False
W-000161,0,0,0,0,0,0,0,0,0,False
W-000162,0,0,0,0,0,0,0,1,1,True
W-000163,0,0,0,0,0,0,0,0,0,False
W-000164,0,0,0,0,0,0,0,0,0,False
W-000165,2,0,0,0,0,0,0,0,2,True
W-000166,1,0,0,0,0,0,0,1,2,True
W-000167,1,0,0,0,0,0,0,1,2,True
W-000168,0,0,0,0,0,0,0,0,0,False
W-000169,0,0,0,0,0,0,0,0,0,False
W-000170,0,0,0,0,0,0,0,0,0,False
W-000171,0,0,0,0,0,0,0,1,1,True
W-000172,0,0,0,0,0,0,0,0,0,False
W-000173,0,0,0,0,0,0,0,0,0,False
W-000174,1,0,0,0,0,0,0,0,1,True
W-000175,0,0,0,0,0,0,0,1,1,True
W-000176,0,0,0,0,0,0,0,0,0,False
W-000177,0,0,0,0,0,0,0,1,1,True
W-000178,0,0,0,0,0,0,0,0,0,False
W-000179,0,0,0,0,0,0,0,0,0,False
W-000180,0,0,0,0,0,0,0,0,0,False
W-000181,1,0,0,0,0,0,0,1,2,True
W-000182,0,0,0,0,0,0,0,0,0,False
W-000183,0,0,0,0,0,0,0,1,1,True
W-000184,0,0,0,0,0,0,0,1,1,True
W-000185,0,0,0,0,0,0,0,1,1,True
W-000186,0,0,0,0,0,0,0,0,0,False
W-000187,1,0,0,0,0,0,0,1,2,True
W-000188,0,0,0,0,0,0,0,0,0,False
W-000189,0,0,0,0,0,0,0,0,0,False
W-000190,0,0,0,0,0,0,0,1,1,True
W-000191,0,0,0,0,0,0,0,0,0,False
W-000192,0,0,0,0,0,0,0,1,1,True
W-000193,0,0,0,0,0,0,0,0,0,False
W-000194,0,0,0,0,0,0,0,0,0,False
W-000195,0,0,0,0,0,0,0,1,1,True
W-000196,0,0,0,0,0,0,0,0,0,False
W-000197,0,0,0,0,0,0,0,1,1,True
W-000198,1,0,0,0,0,0,0,0,1,True
W-000199,0,0,0,0,0,0,0,0,0,False
W-000200,0,0,0,0,0,0,0,1,1,True
W-000201,0,0,0,0,0,0,0,0,0,False
W-000202,0,0,0,0,0,0,0,0,0,False
W-000203,0,0,0,0,0,0,0,0,0,False
W-000204,0,0,0,0,0,0,0,1,1,True
W-000205,0,0,0,0,0,0,0,0,0,False
W-000206,1,0,0,0,0,0,0,0,1,True
W-000207,0,0,0,0,0,0,0,1,1,True
W-000208,0,0,0,0,0,0,0,1,1,True
W-000209,1,0,0,0,0,0,0,0,1,True
W-000210,0,0,0,0,0,0,0,0,0,False
W-000211,0,0,0,0,0,0,0,0,0,False
W-000212,0,0,0,0,0,0,0,1,1,True
W-000213,0,0,0,0,0,0,0,1,1,True
W-000214,0,0,0,0,0,0,0,0,0,False
W-000215,0,0,0,0,0,0,0,0,0,False
W-000216,0,0,0,0,0,0,0,0,0,False
W-000217,1,0,0,0,0,0,0,0,1,True
W-000218,2,0,0,0,0,0,0,1,3,True
W-000219,0,0,0,0,0,0,0,0,0,False
W-000220,0,0,0,0,0,0,0,0,0,False
W-000221,0,0,0,0,0,0,0,1,1,True
W-000222,0,0,0,0,0,0,0,1,1,True
W-000223,0,0,0,0,0,0,0,0,0,False
W-000224,1,0,0,0,0,0,0,0,1,True
W-000225,0,0,0,0,0,0,0,0,0,False
W-000226,0,0,0,0,0,0,0,1,1,True
W-000227,1,0,0,0,0,0,0,1,2,True
W-000228,1,0,0,0,0,0,0,1,2,True
W-000229,1,0,0,0,0,0,0,0,1,True
W-000230,0,0,0,0,0,0,0,0,0,False
W-000231,0,0,0,0,0,0,0,0,0,False
W-000232,0,0,0,0,0,0,0,0,0,False
W-000233,2,0,0,0,0,0,0,1,3,True
W-000234,0,0,0,0,0,0,0,1,1,True
W-000235,3,0,0,0,0,0,0,1,4,True
W-000236,0,0,0,0,0,0,0,0,0,False
W-000237,0,0,0,0,0,0,0,1,1,True
W-000238,0,0,0,0,0,0,0,1,1,True
W-000239,1,0,0,0,0,0,0,1,2,True
W-000240,0,0,0,0,0,0,0,1,1,True
W-000241,0,0,0,0,0,0,0,0,0,False
W-000242,1,0,0,0,0,0,0,0,1,True
W-000243,0,0,0,0,0,0,0,0,0,False
W-000244,1,0,0,0,0,0,0,0,1,True
W-000245,0,0,0,0,0,0,0,0,0,False
W-000246,0,0,0,0,0,0,0,1,1,True
W-000247,0,0,0,0,0,0,0,1,1,True
W-000248,1,0,0,0,0,0,0,1,2,True
W-000249,0,0,0,0,0,0,0,0,0,False
W-000250,0,0,0,0,0,0,0,1,1,True
W-000251,0,0,0,0,0,0,0,0,0,False
W-000252,0,0,0,0,0,0,0,1,1,True
W-000253,0,0,0,0,0,0,0,1,1,True
W-000254,1,0,0,0,0,0,0,1,2,True
W-000255,0,0,0,0,0,0,0,1,1,True
W-000256,0,0,0,0,0,0,0,0,0,False
W-000257,1,0,0,0,0,0,0,0,1,True
W-000258,1,0,0,0,0,0,0,0,1,True
W-000259,0,0,0,0,0,0,0,1,1,True
W-000260,0,0,0,0,0,0,0,0,0,False
W-000261,0,0,0,0,0,0,0,0,0,False
W-000262,0,0,0,0,0,0,0,0,0,False
W-000263,0,0,0,0,0,0,0,0,0,False
W-000264,0,0,0,0,0,0,0,1,1,True
W-000265,0,0,0,0,0,0,0,0,0,False
W-000266,0,0,0,0,0,0,0,1,1,True
W-000267,0,0,0,0,0,0,0,0,0,False
W-000268,1,0,0,0,0,0,0,1,2,True
W-000269,0,0,0,0,0,0,0,0,0,False
W-000270,0,0,0,0,0,0,0,0,0,False
W-000271,1,0,0,0,0,0,0,0,1,True
W-000272,0,0,0,0,0,0,0,1,1,True
W-000273,0,0,0,0,0,0,0,0,0,False
W-000274,0,0,0,0,0,0,0,0,0,False
W-000275,0,0,0,0,0,0,0,0,0,False
W-000276,0,0,0,0,0,0,0,1,1,True
W-000277,1,0,0,0,0,0,0,0,1,True
W-000278,1,0,0,0,0,0,0,0,1,True
W-000279,0,0,0,0,0,0,0,0,0,False
W-000280,0,0,0,0,0,0,0,0,0,False
W-000281,1,0,0,0,0,0,0,0,1,True
W-000282,1,0,0,0,0,0,0,1,2,True
W-000283,1,0,0,0,0,0,0,1,2,True
W-000284,0,0,0,0,0,0,0,1,1,True
W-000285,1,0,0,0,0,0,0,1,2,True
W-000286,0,0,0,0,0,0,0,0,0,False
W-000287,1,0,0,0,0,0,0,1,2,True
W-000288,0,0,0,0,0,0,0,0,0,False
W-000289,0,0,0,0,0,0,0,1,1,True
W-000290,0,0,0,0,0,0,0,1,1,True
W-000291,0,0,0,0,0,0,0,1,1,True
W-000292,0,0,0,0,0,0,0,1,1,True
W-000293,0,0,0,0,0,0,0,0,0,False
W-000294,0,0,0,0,0,0,0,0,0,False
W-000295,0,0,0,0,0,0,0,1,1,True
W-000296,0,0,0,0,0,0,0,0,0,False
W-000297,0,0,0,0,0,0,0,0,0,False
W-000298,0,0,0,0,0,0,0,0,0,False
W-000299,0,0,0,0,0,0,0,1,1,True
W-000300,0,0,0,0,0,0,0,0,0,False
W-000301,0,0,0,0,0,0,0,1,1,True
W-000302,0,0,0,0,0,0,0,0,0,False
W-000303,0,0,0,0,0,0,0,0,0,False
W-000304,0,0,0,0,0,0,0,0,0,False
W-000305,0,0,0,0,0,0,0,0,0,False
W-000306,0,0,0,0,0,0,0,1,1,True
W-000307,0,0,0,0,0,0,0,0,0,False
W-000308,0,0,0,0,0,0,0,0,0,False
W-000309,0,0,0,0,0,0,0,1,1,True
W-000310,0,0,0,0,0,0,0,1,1,True
W-000311,0,0,0,0,0,0,0,0,0,False
W-000312,1,0,0,0,0,0,0,1,2,True
W-000313,0,0,0,0,0,0,0,1,1,True
W-000314,0,0,0,0,0,0,0,1,1,True
W-000315,1,0,0,0,0,0,0,0,1,True
W-000316,0,0,0,0,0,0,0,0,0,False
W-000317,0,0,0,0,0,0,0,0,0,False
W-000318,1,0,0,0,0,0,0,1,2,True
W-000319,0,0,0,0,0,0,0,1,1,True
W-000320,2,0,0,0,0,0,0,0,2,True
W-000321,0,0,0,0,0,0,0,1,1,True
W-000322,0,0,0,0,0,0,0,0,0,False
W-000323,0,0,0,0,0,0,0,1,1,True
W-000324,0,0,0,0,0,0,0,0,0,False
W-000325,0,0,0,0,0,0,0,0,0,False
W-000326,1,0,0,0,0,0,0,1,2,True
W-000327,0,0,0,0,0,0,0,1,1,True
W-000328,0,0,0,0,0,0,0,0,0,False
W-000329,0,0,0,0,0,0,0,1,1,True
W-000330,0,0,0,0,0,0,0,1,1,True
W-000331,0,0,0,0,0,0,0,1,1,True
W-000332,0,0,0,0,0,0,0,1,1,True
W-000333,1,0,0,0,0,0,0,0,1,True
W-000334,0,0,0,0,0,0,0,0,0,False
W-000335,0,0,0,0,0,0,0,1,1,True
W-000336,0,0,0,0,0,0,0,0,0,False
W-000337,1,0,0,0,0,0,0,1,2,True
W-000338,2,0,0,0,0,0,0,1,3,True
W-000339,0,0,0,0,0,0,0,0,0,False
W-000340,0,0,0,0,0,0,0,1,1,True
W-000341,0,0,0,0,0,0,0,0,0,False
W-000342,0,0,0,0,0,0,0,0,0,False
W-000343,0,0,0,0,0,0,0,0,0,False
W-000344,0,0,0,0,0,0,0,0,0,False
W-000345,0,0,0,0,0,0,0,0,0,False
W-000346,0,0,0,0,0,0,0,0,0,False
W-000347,0,0,0,0,0,0,0,0,0,False
W-000348,0,0,0,0,0,0,0,0,0,False
W-000349,0,0,0,0,0,0,0,0,0,False
W-000350,0,0,0,0,0,0,0,0,0,False
W-000351,0,0,0,0,0,0,0,0,0,False
W-000352,0,0,0,0,0,0,0,0,0,False
W-000353,0,0,0,0,0,0,0,0,0,False
W-000354,1,0,0,0,0,0,0,0,1,True
W-000355,0,0,0,0,0,0,0,0,0,False
W-000356,0,0,0,0,0,0,0,0,0,False
W-000357,0,0,0,0,0,0,0,0,0,False
W-000358,0,0,0,0,0,0,0,0,0,False
W-000359,0,0,0,0,0,0,0,1,1,True
W-000360,0,0,0,0,0,0,0,0,0,False
W-000361,0,0,0,0,0,0,0,0,0,False
W-000362,1,0,0,0,0,0,0,0,1,True
W-000363,1,0,0,0,0,0,0,1,2,True
W-000364,0,0,0,0,0,0,0,0,0,False
W-000365,1,0,0,0,0,0,0,1,2,True
W-000366,0,0,0,0,0,0,0,1,1,True
W-000367,0,0,0,0,0,0,0,1,1,True
W-000368,1,0,0,0,0,0,0,1,2,True
W-000369,1,0,0,0,0,0,0,0,1,True
W-000370,0,0,0,0,0,0,0,1,1,True
W-000371,0,0,0,0,0,0,0,0,0,False
W-000372,1,0,0,0,0,0,0,0,1,True
W-000373,0,0,0,0,0,0,0,1,1,True
W-000374,0,0,0,0,0,0,0,1,1,True
W-000375,0,0,0,0,0,0,0,0,0,False
W-000376,1,0,0,0,0,0,0,0,1,True
W-000377,0,0,0,0,0,0,0,0,0,False
W-000378,0,0,0,0,0,0,0,0,0,False
W-000379,1,0,0,0,0,0,0,0,1,True
W-000380,0,0,0,0,0,0,0,0,0,False
W-000381,0,0,0,0,0,0,0,1,1,True
W-000382,1,0,0,0,0,0,0,1,2,True
W-000383,0,0,0,0,0,0,0,1,1,True
W-000384,0,0,0,0,0,0,0,0,0,False
W-000385,0,0,0,0,0,0,0,1,1,True
W-000386,1,0,0,0,0,0,0,0,1,True
W-000387,0,0,0,0,0,0,0,1,1,True
W-000388,0,0,0,0,0,0,0,0,0,False
W-000389,0,0,0,0,0,0,0,0,0,False
W-000390,0,0,0,0,0,0,0,1,1,True
W-000391,1,0,0,0,0,0,0,1,2,True
W-000392,1,0,0,0,0,0,0,1,2,True
W-000393,0,0,0,0,0,0,0,0,0,False
W-000394,0,0,0,0,0,0,0,0,0,False
W-000395,0,0,0,0,0,0,0,0,0,False
W-000396,0,0,0,0,0,0,0,0,0,False
W-000397,0,0,0,0,0,0,0,1,1,True
W-000398,1,0,0,0,0,0,0,0,1,True
W-000399,1,0,0,0,0,0,0,1,2,True
W-000400,0,0,0,0,0,0,0,1,1,True
W-000401,0,0,0,0,0,0,0,1,1,True
W-000402,0,0,0,0,0,0,0,1,1,True
W-000403,0,0,0,0,0,0,0,0,0,False
W-000404,0,0,0,0,0,0,0,0,0,False
W-000405,1,0,0,0,0,0,0,0,1,True
W-000406,0,0,0,0,0,0,0,0,0,False
W-000407,0,0,0,0,0,0,0,0,0,False
W-000408,0,0,0,0,0,0,0,1,1,True
W-000409,1,0,0,0,0,0,0,0,1,True
W-000410,2,0,0,0,0,0,0,0,2,True
W-000411,0,0,0,0,0,0,0,1,1,True
W-000412,0,0,0,0,0,0,0,0,0,False
W-000413,0,0,0,0,0,0,0,0,0,False
W-000414,0,0,0,0,0,0,0,0,0,False
W-000415,0,0,0,0,0,0,0,0,0,False
W-000416,0,0,0,0,0,0,0,0,0,False
W-000417,0,0,0,0,0,0,0,0,0,False
W-000418,2,0,0,0,0,0,0,1,3,True
W-000419,0,0,0,0,0,0,0,0,0,False
W-000420,0,0,0,0,0,0,0,1,1,True
W-000421,0,0,0,0,0,0,0,1,1,True
W-000422,0,0,0,0,0,0,0,0,0,False
W-000423,0,0,0,0,0,0,0,0,0,False
W-000424,1,0,0,0,0,0,0,0,1,True
W-000425,0,0,0,0,0,0,0,1,1,True
W-000426,0,0,0,0,0,0,0,1,1,True
W-000427,0,0,0,0,0,0,0,0,0,False
W-000428,0,0,0,0,0,0,0,0,0,False
W-000429,0,0,0,0,0,0,0,0,0,False
W-000430,1,0,0,0,0,0,0,0,1,True
W-000431,0,0,0,0,0,0,0,1,1,True
W-000432,1,0,0,0,0,0,0,0,1,True
W-000433,0,0,0,0,0,0,0,0,0,False
W-000434,0,0,0,0,0,0,0,0,0,False
W-000435,0,0,0,0,0,0,0,0,0,False
W-000436,0,0,0,0,0,0,0,0,0,False
W-000437,0,0,0,0,0,0,0,0,0,False
W-000438,0,0,0,0,0,0,0,1,1,True
W-000439,0,0,0,0,0,0,0,0,0,False
W-000440,0,0,0,0,0,0,0,1,1,True
W-000441,0,0,0,0,0,0,0,1,1,True
W-000442,0,0,0,0,0,0,0,0,0,False
W-000443,1,0,0,0,0,0,0,1,2,True
W-000444,0,0,0,0,0,0,0,0,0,False
W-000445,0,0,0,0,0,0,0,0,0,False
W-000446,0,0,0,0,0,0,0,1,1,True
W-000447,0,0,0,0,0,0,0,0,0,False
W-000448,0,0,0,0,0,0,0,1,1,True
W-000449,1,0,0,0,0,0,0,1,2,True
W-000450,0,0,0,0,0,0,0,0,0,False
W-000451,0,0,0,0,0,0,0,1,1,True
W-000452,0,0,0,0,0,0,0,0,0,False
W-000453,0,0,0,0,0,0,0,0,0,False
W-000454,1,0,0,0,0,0,0,1,2,True
W-000455,0,0,0,0,0,0,0,0,0,False
W-000456,0,0,0,0,0,0,0,0,0,False
W-000457,1,0,0,0,0,0,0,0,1,True
W-000458,0,0,0,0,0,0,0,0,0,False
W-000459,0,0,0,0,0,0,0,0,0,False
W-000460,0,0,0,0,0,0,0,1,1,True
W-000461,2,0,0,0,0,0,0,1,3,True
W-000462,0,0,0,0,0,0,0,0,0,False
W-000463,0,0,0,0,0,0,0,1,1,True
W-000464,0,0,0,0,0,0,0,0,0,False
W-000465,0,0,0,0,0,0,0,0,0,False
W-000466,0,0,0,0,0,0,0,0,0,False
W-000467,0,0,0,0,0,0,0,1,1,True
W-000468,0,0,0,0,0,0,0,0,0,False
W-000469,0,0,0,0,0,0,0,0,0,False
W-000470,1,0,0,0,0,0,0,0,1,True
W-000471,0,0,0,0,0,0,0,0,0,False
W-000472,1,0,0,0,0,0,0,1,2,True
W-000473,0,0,0,0,0,0,0,0,0,False
W-000474,0,0,0,0,0,0,0,1,1,True
W-000475,0,0,0,0,0,0,0,0,0,False
W-000476,0,0,0,0,0,0,0,0,0,False
W-000477,0,0,0,0,0,0,0,1,1,True
W-000478,0,0,0,0,0,0,0,0,0,False
W-000479,1,0,0,0,0,0,0,1,2,True
W-000480,0,0,0,0,0,0,0,0,0,False
W-000481,0,0,0,0,0,0,0,1,1,True
W-000482,1,0,0,0,0,0,0,0,1,True
W-000483,1,0,0,0,0,0,0,1,2,True
W-000484,0,0,0,0,0,0,0,0,0,False
W-000485,0,0,0,0,0,0,0,1,1,True
W-000486,1,0,0,0,0,0,0,0,1,True
W-000487,0,0,0,0,0,0,0,0,0,False
W-000488,1,0,0,0,0,0,0,0,1,True
W-000489,0,0,0,0,0,0,0,1,1,True
W-000490,0,0,0,0,0,0,0,0,0,False
W-000491,0,0,0,0,0,0,0,1,1,True
W-000492,0,0,0,0,0,0,0,0,0,False
W-000493,0,0,0,0,0,0,0,1,1,True
W-000494,0,0,0,0,0,0,0,0,0,False
W-000495,0,0,0,0,0,0,0,0,0,False
W-000496,0,0,0,0,0,0,0,1,1,True
W-000497,0,0,0,0,0,0,0,0,0,False
W-000498,0,0,0,0,0,0,0,0,0,False
W-000499,0,0,0,0,0,0,0,0,0,False
W-000500,0,0,0,0,0,0,0,0,0,False
W-000501,0,0,0,0,0,0,0,1,1,True
W-000502,1,0,0,0,0,0,0,0,1,True
W-000503,0,0,0,0,0,0,0,0,0,False
W-000504,0,0,0,0,0,0,0,0,0,False
W-000505,1,0,0,0,0,0,0,0,1,True
W-000506,0,0,0,0,0,0,0,0,0,False
W-000507,0,0,0,0,0,0,0,0,0,False
W-000508,0,0,0,0,0,0,0,1,1,True
W-000509,0,0,0,0,0,0,0,0,0,False
W-000510,0,0,0,0,0,0,0,0,0,False
W-000511,0,0,0,0,0,0,0,0,0,False
W-000512,0,0,0,0,0,0,0,1,1,True
W-000513,1,0,0,0,0,0,0,1,2,True
W-000514,0,0,0,0,0,0,0,1,1,True
W-000515,1,0,0,0,0,0,0,0,1,True
W-000516,0,0,0,0,0,0,0,1,1,True
W-000517,0,0,0,0,0,0,0,0,0,False
W-000518,0,0,0,0,0,0,0,0,0,False
W-000519,0,0,0,0,0,0,0,0,0,False
W-000520,0,0,0,0,0,0,0,0,0,False
W-000521,0,0,0,0,0,0,0,1,1,True
W-000522,0,0,0,0,0,0,0,1,1,True
W-000523,0,0,0,0,0,0,0,1,1,True
W-000524,0,0,0,0,0,0,0,0,0,False
W-000525,0,0,0,0,0,0,0,1,1,True
W-000526,1,0,0,0,0,0,0,1,2,True
W-000527,0,0,0,0,0,0,0,0,0,False
W-000528,0,0,0,0,0,0,0,1,1,True
W-000529,0,0,0,0,0,0,0,1,1,True
W-000530,1,0,0,0,0,0,0,1,2,True
W-000531,0,0,0,0,0,0,0,0,0,False
W-000532,0,0,0,0,0,0,0,1,1,True
W-000533,0,0,0,0,0,0,0,1,1,True
W-000534,1,0,0,0,0,0,0,0,1,True
W-000535,0,0,0,0,0,0,0,0,0,False
W-000536,0,0,0,0,0,0,0,1,1,True
W-000537,0,0,0,0,0,0,0,0,0,False
W-000538,0,0,0,0,0,0,0,1,1,True
W-000539,0,0,0,0,0,0,0,0,0,False
W-000540,1,0,0,0,0,0,0,0,1,True
W-000541,1,0,0,0,0,0,0,1,2,True
W-000542,0,0,0,0,0,0,0,0,0,False
W-000543,0,0,0,0,0,0,0,0,0,False
W-000544,1,0,0,0,0,0,0,0,1,True
W-000545,0,0,0,0,0,0,0,1,1,True
W-000546,0,0,0,0,0,0,0,0,0,False
W-000547,0,0,0,0,0,0,0,1,1,True
W-000548,0,0,0,0,0,0,0,1,1,True
W-000549,0,0,0,0,0,0,0,0,0,False
W-000550,0,0,0,0,0,0,0,0,0,False
W-000551,1,0,0,0,0,0,0,0,1,True
W-000552,0,0,0,0,0,0,0,1,1,True
W-000553,0,0,0,0,0,0,0,0,0,False
W-000554,0,0,0,0,0,0,0,0,0,False
W-000555,0,0,0,0,0,0,0,0,0,False
W-000556,1,0,0,0,0,0,0,0,1,True
W-000557,0,0,0,0,0,0,0,0,0,False
W-000558,0,0,0,0,0,0,0,1,1,True
W-000559,0,0,0,0,0,0,0,0,0,False
W-000560,2,0,0,0,0,0,0,0,2,True
W-000561,0,0,0,0,0,0,0,0,0,False
W-000562,0,0,0,0,0,0,0,1,1,True
W-000563,0,0,0,0,0,0,0,0,0,False
W-000564,0,0,0,0,0,0,0,1,1,True
W-000565,0,0,0,0,0,0,0,1,1,True
W-000566,0,0,0,0,0,0,0,0,0,False
W-000567,0,0,0,0,0,0,0,1,1,True
W-000568,0,0,0,0,0,0,0,0,0,False
W-000569,0,0,0,0,0,0,0,1,1,True
W-000570,0,0,0,0,0,0,0,0,0,False
W-000571,0,0,0,0,0,0,0,0,0,False
W-000572,0,0,0,0,0,0,0,0,0,False
W-000573,1,0,0,0,0,0,0,1,2,True
W-000574,1,0,0,0,0,0,0,1,2,True
W-000575,0,0,0,0,0,0,0,1,1,True
W-000576,0,0,0,0,0,0,0,0,0,False
W-000577,0,0,0,0,0,0,0,1,1,True
W-000578,0,0,0,0,0,0,0,1,1,True
W-000579,1,0,0,0,0,0,0,0,1,True
W-000580,0,0,0,0,0,0,0,0,0,False
W-000581,0,0,0,0,0,0,0,0,0,False
W-000582,0,0,0,0,0,0,0,1,1,True
W-000583,0,0,0,0,0,0,0,1,1,True
W-000584,1,0,0,0,0,0,0,1,2,True
W-000585,0,0,0,0,0,0,0,0,0,False
W-000586,1,0,0,0,0,0,0,1,2,True
W-000587,0,0,0,0,0,0,0,0,0,False
W-000588,0,0,0,0,0,0,0,0,0,False
W-000589,0,0,0,0,0,0,0,0,0,False
W-000590,0,0,0,0,0,0,0,1,1,True
W-000591,1,0,0,0,0,0,0,0,1,True
W-000592,0,0,0,0,0,0,0,1,1,True
W-000593,0,0,0,0,0,0,0,1,1,True
W-000594,0,0,0,0,0,0,0,0,0,False
W-000595,0,0,0,0,0,0,0,1,1,True
W-000596,1,0,0,0,0,0,0,0,1,True
W-000597,0,0,0,0,0,0,0,1,1,True
W-000598,0,0,0,0,0,0,0,0,0,False
W-000599,1,0,0,0,0,0,0,1,2,True
W-000600,0,0,0,0,0,0,0,0,0,False
W-000601,0,0,0,0,0,0,0,0,0,False
W-000602,2,0,0,0,0,0,0,1,3,True
W-000603,0,0,0,0,0,0,0,1,1,True
W-000604,0,0,0,0,0,0,0,1,1,True
W-000605,0,0,0,0,0,0,0,0,0,False
W-000606,0,0,0,0,0,0,0,0,0,False
W-000607,0,0,0,0,0,0,0,1,1,True
W-000608,0,0,0,0,0,0,0,0,0,False
W-000609,0,0,0,0,0,0,0,0,0,False
W-000610,0,0,0,0,0,0,0,1,1,True
W-000611,0,0,0,0,0,0,0,0,0,False
W-000612,0,0,0,0,0,0,0,0,0,False
W-000613,0,0,0,0,0,0,0,0,0,False
W-000614,0,0,0,0,0,0,0,0,0,False
W-000615,1,0,0,0,0,0,0,0,1,True
W-000616,0,0,0,0,0,0,0,0,0,False
W-000617,0,0,0,0,0,0,0,0,0,False
W-000618,1,0,0,0,0,0,0,1,2,True
W-000619,0,0,0,0,0,0,0,0,0,False
W-000620,0,0,0,0,0,0,0,0,0,False
W-000621,0,0,0,0,0,0,0,0,0,False
W-000622,0,0,0,0,0,0,0,0,0,False
W-000623,0,0,0,0,0,0,0,1,1,True
W-000624,0,0,0,0,0,0,0,0,0,False
W-000625,0,0,0,0,0,0,0,0,0,False
W-000626,0,0,0,0,0,0,0,0,0,False
W-000627,0,0,0,0,0,0,0,1,1,True
W-000628,0,0,0,0,0,0,0,0,0,False
W-000629,0,0,0,0,0,0,0,1,1,True
W-000630,0,0,0,0,0,0,0,0,0,False
W-000631,0,0,0,0,0,0,0,0,0,False
W-000632,0,0,0,0,0,0,0,1,1,True
W-000633,0,0,0,0,0,0,0,0,0,False
W-000634,0,0,0,0,0,0,0,1,1,True
W-000635,0,0,0,0,0,0,0,0,0,False
W-000636,0,0,0,0,0,0,0,0,0,False
W-000637,0,0,0,0,0,0,0,0,0,False
W-000638,0,0,0,0,0,0,0,1,1,True
W-000639,0,0,0,0,0,0,0,0,0,False
W-000640,0,0,0,0,0,0,0,1,1,True
W-000641,0,0,0,0,0,0,0,1,1,True
W-000642,0,0,0,0,0,0,0,0,0,False
W-000643,1,0,0,0,0,0,0,0,1,True
W-000644,0,0,0,0,0,0,0,1,1,True
W-000645,0,0,0,0,0,0,0,1,1,True
W-000646,1,0,0,0,0,0,0,0,1,True
W-000647,0,0,0,0,0,0,0,1,1,True
W-000648,0,0,0,0,0,0,0,0,0,False
W-000649,0,0,0,0,0,0,0,0,0,False
W-000650,0,0,0,0,0,0,0,0,0,False
W-000651,0,0,0,0,0,0,0,1,1,True
W-000652,2,0,0,0,0,0,0,0,2,True
W-000653,0,0,0,0,0,0,0,0,0,False
W-000654,1,0,0,0,0,0,0,1,2,True
W-000655,0,0,0,0,0,0,0,0,0,False
W-000656,1,0,0,0,0,0,0,0,1,True
W-000657,0,0,0,0,0,0,0,0,0,False
W-000658,0,0,0,0,0,0,0,0,0,False
W-000659,0,0,0,0,0,0,0,1,1,True
W-000660,1,0,0,0,0,0,0,0,1,True
W-000661,1,0,0,0,0,0,0,1,2,True
W-000662,0,0,0,0,0,0,0,0,0,False
W-000663,0,0,0,0,0,0,0,0,0,False
W-000664,0,0,0,0,0,0,0,0,0,False
W-000665,0,0,0,0,0,0,0,1,1,True
W-000666,0,0,0,0,0,0,0,0,0,False
W-000667,1,0,0,0,0,0,0,0,1,True
W-000668,1,0,0,0,0,0,0,0,1,True
W-000669,0,0,0,0,0,0,0,0,0,False
W-000670,0,0,0,0,0,0,0,1,1,True
W-000671,0,0,0,0,0,0,0,0,0,False
W-000672,0,0,0,0,0,0,0,1,1,True
W-000673,0,0,0,0,0,0,0,1,1,True
W-000674,0,0,0,0,0,0,0,1,1,True
W-000675,0,0,0,0,0,0,0,1,1,True
W-000676,1,0,0,0,0,0,0,0,1,True
W-000677,0,0,0,0,0,0,0,0,0,False
W-000678,0,0,0,0,0,0,0,0,0,False
W-000679,1,0,0,0,0,0,0,0,1,True
W-000680,0,0,0,0,0,0,0,0,0,False
W-000681,0,0,0,0,0,0,0,1,1,True
W-000682,1,0,0,0,0,0,0,0,1,True
W-000683,0,0,0,0,0,0,0,0,0,False
W-000684,0,0,0,0,0,0,0,0,0,False
W-000685,0,0,0,0,0,0,0,1,1,True
W-000686,0,0,0,0,0,0,0,0,0,False
W-000687,0,0,0,0,0,0,0,1,1,True
W-000688,0,0,0,0,0,0,0,1,1,True
W-000689,0,0,0,0,0,0,0,0,0,False
W-000690,0,0,0,0,0,0,0,1,1,True
W-000691,0,0,0,0,0,0,0,1,1,True
W-000692,0,0,0,0,0,0,0,0,0,False
W-000693,0,0,0,0,0,0,0,0,0,False
W-000694,0,0,0,0,0,0,0,1,1,True
W-000695,1,0,0,0,0,0,0,1,2,True
W-000696,0,0,0,0,0,0,0,0,0,False
W-000697,1,0,0,0,0,0,0,1,2,True
W-000698,1,0,0,0,0,0,0,1,2,True
W-000699,0,0,0,0,0,0,0,1,1,True
W-000700,0,0,0,0,0,0,0,0,0,False
W-000701,0,0,0,0,0,0,0,0,0,False
W-000702,0,0,0,0,0,0,0,1,1,True
W-000703,1,0,0,0,0,0,0,0,1,True
W-000704,2,0,0,0,0,0,0,0,2,True
W-000705,0,0,0,0,0,0,0,1,1,True
W-000706,0,0,0,0,0,0,0,1,1,True
W-000707,0,0,0,0,0,0,0,1,1,True
W-000708,2,0,0,0,0,0,0,0,2,True
W-000709,0,0,0,0,0,0,0,0,0,False
W-000710,0,0,0,0,0,0,0,0,0,False
W-000711,0,0,0,0,0,0,0,0,0,False
W-000712,1,0,0,0,0,0,0,1,2,True
W-000713,0,0,0,0,0,0,0,0,0,False
W-000714,0,0,0,0,0,0,0,0,0,False
W-000715,1,0,0,0,0,0,0,0,1,True
W-000716,0,0,0,0,0,0,0,1,1,True
W-000717,1,0,0,0,0,0,0,1,2,True
W-000718,0,0,0,0,0,0,0,0,0,False
W-000719,0,0,0,0,0,0,0,0,0,False
W-000720,1,0,0,0,0,0,0,0,1,True
W-000721,0,0,0,0,0,0,0,0,0,False
W-000722,1,0,0,0,0,0,0,0,1,True
W-000723,1,0,0,0,0,0,0,0,1,True
W-000724,0,0,0,0,0,0,0,0,0,False
W-000725,0,0,0,0,0,0,0,0,0,False
W-000726,0,0,0,0,0,0,0,1,1,True
W-000727,0,0,0,0,0,0,0,0,0,False
W-000728,0,0,0,0,0,0,0,0,0,False
W-000729,0,0,0,0,0,0,0,0,0,False
W-000730,1,0,0,0,0,0,0,0,1,True
W-000731,0,0,0,0,0,0,0,0,0,False
W-000732,0,0,0,0,0,0,0,0,0,False
W-000733,1,0,0,0,0,0,0,1,2,True
W-000734,0,0,0,0,0,0,0,0,0,False
W-000735,0,0,0,0,0,0,0,0,0,False
W-000736,0,0,0,0,0,0,0,1,1,True
W-000737,1,0,0,0,0,0,0,1,2,True
W-000738,0,0,0,0,0,0,0,0,0,False
W-000739,0,0,0,0,0,0,0,0,0,False
W-000740,0,0,0,0,0,0,0,0,0,False
W-000741,1,0,0,0,0,0,0,1,2,True
W-000742,0,0,0,0,0,0,0,0,0,False
W-000743,1,0,0,0,0,0,0,1,2,True
W-000744,0,0,0,0,0,0,0,0,0,False
W-000745,0,0,0,0,0,0,0,0,0,False
W-000746,0,0,0,0,0,0,0,1,1,True
W-000747,1,0,0,0,0,0,0,0,1,True
W-000748,0,0,0,0,0,0,0,1,1,True
W-000749,0,0,0,0,0,0,0,1,1,True
W-000750,0,0,0,0,0,0,0,1,1,True
W-000751,0,0,0,0,0,0,0,1,1,True
W-000752,1,0,0,0,0,0,0,1,2,True
W-000753,0,0,0,0,0,0,0,1,1,True
W-000754,0,0,0,0,0,0,0,1,1,True
W-000755,1,0,0,0,0,0,0,0,1,True
W-000756,0,0,0,0,0,0,0,0,0,False
W-000757,0,0,0,0,0,0,0,1,1,True
W-000758,0,0,0,0,0,0,0,0,0,False
W-000759,0,0,0,0,0,0,0,1,1,True
W-000760,0,0,0,0,0,0,0,0,0,False
W-000761,0,0,0,0,0,0,0,0,0,False
W-000762,0,0,0,0,0,0,0,0,0,False
W-000763,0,0,0,0,0,0,0,0,0,False
W-000764,0,0,0,0,0,0,0,1,1,True
W-000765,0,0,0,0,0,0,0,1,1,True
W-000766,0,0,0,0,0,0,0,0,0,False
W-000767,0,0,0,0,0,0,0,1,1,True
W-000768,0,0,0,0,0,0,0,0,0,False
W-000769,1,0,0,0,0,0,0,0,1,True
W-000770,1,0,0,0,0,0,0,0,1,True
W-000771,0,0,0,0,0,0,0,0,0,False
W-000772,1,0,0,0,0,0,0,1,2,True
W-000773,0,0,0,0,0,0,0,1,1,True
W-000774,0,0,0,0,0,0,0,1,1,True
W-000775,0,0,0,0,0,0,0,0,0,False
W-000776,0,0,0,0,0,0,0,0,0,False
W-000777,1,0,0,0,0,0,0,1,2,True
W-000778,0,0,0,0,0,0,0,1,1,True
W-000779,0,0,0,0,0,0,0,1,1,True
W-000780,0,0,0,0,0,0,0,1,1,True
W-000781,1,0,0,0,0,0,0,1,2,True
W-000782,0,0,0,0,0,0,0,1,1,True
W-000783,0,0,0,0,0,0,0,0,0,False
W-000784,0,0,0,0,0,0,0,0,0,False
W-000785,0,0,0,0,0,0,0,1,1,True
W-000786,0,0,0,0,0,0,0,1,1,True
W-000787,0,0,0,0,0,0,0,1,1,True
W-000788,0,0,0,0,0,0,0,1,1,True
W-000789,0,0,0,0,0,0,0,0,0,False
W-000790,0,0,0,0,0,0,0,1,1,True
W-000791,0,0,0,0,0,0,0,1,1,True
W-000792,0,0,0,0,0,0,0,1,1,True
W-000793,0,0,0,0,0,0,0,0,0,False
W-000794,0,0,0,0,0,0,0,1,1,True
W-000795,1,0,0,0,0,0,0,0,1,True
W-000796,0,0,0,0,0,0,0,1,1,True
W-000797,0,0,0,0,0,0,0,0,0,False
W-000798,0,0,0,0,0,0,0,0,0,False
W-000799,1,0,0,0,0,0,0,0,1,True
W-000800,2,0,0,0,0,0,0,0,2,True
W-000801,1,0,0,0,0,0,0,1,2,True
W-000802,1,0,0,0,0,0,0,1,2,True
W-000803,1,0,0,0,0,0,0,0,1,True
W-000804,0,0,0,0,0,0,0,0,0,False
W-000805,0,0,0,0,0,0,0,1,1,True
W-000806,0,0,0,0,0,0,0,0,0,False
W-000807,0,0,0,0,0,0,0,0,0,False
W-000808,0,0,0,0,0,0,0,0,0,False
W-000809,0,0,0,0,0,0,0,0,0,False
W-000810,0,0,0,0,0,0,0,0,0,False
W-000811,0,0,0,0,0,0,0,0,0,False
W-000812,0,0,0,0,0,0,0,1,1,True
W-000813,0,0,0,0,0,0,0,0,0,False
W-000814,0,0,0,0,0,0,0,1,1,True
W-000815,0,0,0,0,0,0,0,0,0,False
W-000816,1,0,0,0,0,0,0,1,2,True
W-000817,0,0,0,0,0,0,0,0,0,False
W-000818,1,0,0,0,0,0,0,1,2,True
W-000819,0,0,0,0,0,0,0,1,1,True
W-000820,0,0,0,0,0,0,0,0,0,False
W-000821,0,0,0,0,0,0,0,0,0,False
W-000822,0,0,0,0,0,0,0,0,0,False
W-000823,0,0,0,0,0,0,0,1,1,True
W-000824,0,0,0,0,0,0,0,0,0,False
W-000825,1,0,0,0,0,0,0,1,2,True
W-000826,0,0,0,0,0,0,0,0,0,False
W-000827,0,0,0,0,0,0,0,0,0,False
W-000828,1,0,0,0,0,0,0,1,2,True
W-000829,1,0,0,0,0,0,0,0,1,True
W-000830,0,0,0,0,0,0,0,0,0,False
W-000831,0,0,0,0,0,0,0,0,0,False
W-000832,0,0,0,0,0,0,0,1,1,True
W-000833,0,0,0,0,0,0,0,0,0,False
W-000834,0,0,0,0,0,0,0,1,1,True
W-000835,0,0,0,0,0,0,0,0,0,False
W-000836,0,0,0,0,0,0,0,1,1,True
W-000837,0,0,0,0,0,0,0,0,0,False
W-000838,0,0,0,0,0,0,0,1,1,True
W-000839,1,0,0,0,0,0,0,1,2,True
W-000840,0,0,0,0,0,0,0,0,0,False
W-000841,0,0,0,0,0,0,0,1,1,True
W-000842,0,0,0,0,0,0,0,1,1,True
W-000843,1,0,0,0,0,0,0,0,1,True
W-000844,0,0,0,0,0,0,0,0,0,False
W-000845,0,0,0,0,0,0,0,0,0,False
W-000846,0,0,0,0,0,0,0,1,1,True
W-000847,1,0,0,0,0,0,0,1,2,True
W-000848,0,0,0,0,0,0,0,0,0,False
W-000849,0,0,0,0,0,0,0,0,0,False
W-000850,0,0,0,0,0,0,0,1,1,True
W-000851,0,0,0,0,0,0,0,1,1,True
W-000852,0,0,0,0,0,0,0,0,0,False
W-000853,0,0,0,0,0,0,0,0,0,False
W-000854,0,0,0,0,0,0,0,1,1,True
W-000855,0,0,0,0,0,0,0,0,0,False
W-000856,0,0,0,0,0,0,0,0,0,False
W-000857,1,0,0,0,0,0,0,1,2,True
W-000858,0,0,0,0,0,0,0,0,0,False
W-000859,0,0,0,0,0,0,0,1,1,True
W-000860,0,0,0,0,0,0,0,1,1,True
W-000861,0,0,0,0,0,0,0,0,0,False
W-000862,0,0,0,0,0,0,0,1,1,True
W-000863,0,0,0,0,0,0,0,1,1,True
W-000864,0,0,0,0,0,0,0,1,1,True
W-000865,0,0,0,0,0,0,0,0,0,False
W-000866,1,0,0,0,0,0,0,0,1,True
W-000867,0,0,0,0,0,0,0,0,0,False
W-000868,0,0,0,0,0,0,0,1,1,True
W-000869,1,0,0,0,0,0,0,1,2,True
W-000870,0,0,0,0,0,0,0,0,0,False
W-000871,0,0,0,0,0,0,0,1,1,True
W-000872,0,0,0,0,0,0,0,1,1,True
W-000873,0,0,0,0,0,0,0,0,0,False
W-000874,0,0,0,0,0,0,0,0,0,False
W-000875,0,0,0,0,0,0,0,1,1,True
W-000876,0,0,0,0,0,0,0,1,1,True
W-000877,0,0,0,0,0,0,0,0,0,False
W-000878,0,0,0,0,0,0,0,1,1,True
W-000879,1,0,0,0,0,0,0,0,1,True
W-000880,0,0,0,0,0,0,0,1,1,True
W-000881,0,0,0,0,0,0,0,1,1,True
W-000882,0,0,0,0,0,0,0,1,1,True
W-000883,0,0,0,0,0,0,0,0,0,False
W-000884,0,0,0,0,0,0,0,0,0,False
W-000885,0,0,0,0,0,0,0,1,1,True
W-000886,0,0,0,0,0,0,0,0,0,False
W-000887,0,0,0,0,0,0,0,0,0,False
W-000888,0,0,0,0,0,0,0,1,1,True
W-000889,0,0,0,0,0,0,0,1,1,True
W-000890,0,0,0,0,0,0,0,1,1,True
W-000891,0,0,0,0,0,0,0,0,0,False
W-000892,0,0,0,0,0,0,0,1,1,True
W-000893,0,0,0,0,0,0,0,1,1,True
W-000894,0,0,0,0,0,0,0,0,0,False
W-000895,0,0,0,0,0,0,0,0,0,False
W-000896,0,0,0,0,0,0,0,1,1,True
W-000897,0,0,0,0,0,0,0,1,1,True
W-000898,1,0,0,0,0,0,0,0,1,True
W-000899,0,0,0,0,0,0,0,1,1,True
W-000900,0,0,0,0,0,0,0,1,1,True
W-000901,0,0,0,0,0,0,0,0,0,False
W-000902,0,0,0,0,0,0,0,0,0,False
W-000903,0,0,0,0,0,0,0,0,0,False
W-000904,1,0,0,0,0,0,0,1,2,True
W-000905,0,0,0,0,0,0,0,1,1,True
W-000906,0,0,0,0,0,0,0,0,0,False
W-000907,0,0,0,0,0,0,0,1,1,True
W-000908,0,0,0,0,0,0,0,0,0,False
W-000909,1,0,0,0,0,0,0,0,1,True
W-000910,0,0,0,0,0,0,0,0,0,False
W-000911,0,0,0,0,0,0,0,0,0,False
W-000912,2,0,0,0,0,0,0,0,2,True
W-000913,0,0,0,0,0,0,0,0,0,False
W-000914,0,0,0,0,0,0,0,0,0,False
W-000915,0,0,0,0,0,0,0,0,0,False
W-000916,0,0,0,0,0,0,0,0,0,False
W-000917,0,0,0,0,0,0,0,1,1,True
W-000918,2,0,0,0,0,0,0,0,2,True
W-000919,0,0,0,0,0,0,0,1,1,True
W-000920,0,0,0,0,0,0,0,0,0,False
W-000921,0,0,0,0,0,0,0,0,0,False
W-000922,1,0,0,0,0,0,0,0,1,True
W-000923,0,0,0,0,0,0,0,0,0,False
W-000924,0,0,0,0,0,0,0,0,0,False
W-000925,0,0,0,0,0,0,0,0,0,False
W-000926,1,0,0,0,0,0,0,0,1,True
W-000927,0,0,0,0,0,0,0,1,1,True
W-000928,0,0,0,0,0,0,0,0,0,False
W-000929,0,0,0,0,0,0,0,0,0,False
W-000930,0,0,0,0,0,0,0,0,0,False
W-000931,0,0,0,0,0,0,0,0,0,False
W-000932,0,0,0,0,0,0,0,0,0,False
W-000933,1,0,0,0,0,0,0,1,2,True
W-000934,0,0,0,0,0,0,0,1,1,True
W-000935,1,0,0,0,0,0,0,1,2,True
W-000936,0,0,0,0,0,0,0,1,1,True
W-000937,0,0,0,0,0,0,0,1,1,True
W-000938,0,0,0,0,0,0,0,0,0,False
W-000939,0,0,0,0,0,0,0,0,0,False
W-000940,0,0,0,0,0,0,0,1,1,True
W-000941,0,0,0,0,0,0,0,1,1,True
W-000942,0,0,0,0,0,0,0,0,0,False
W-000943,0,0,0,0,0,0,0,0,0,False
W-000944,0,0,0,0,0,0,0,0,0,False
W-000945,0,0,0,0,0,0,0,1,1,True
W-000946,0,0,0,0,0,0,0,0,0,False
W-000947,1,0,0,0,0,0,0,1,2,True
W-000948,1,0,0,0,0,0,0,1,2,True
W-000949,0,0,0,0,0,0,0,0,0,False
W-000950,0,0,0,0,0,0,0,0,0,False
W-000951,1,0,0,0,0,0,0,0,1,True
W-000952,0,0,0,0,0,0,0,1,1,True
W-000953,0,0,0,0,0,0,0,0,0,False
W-000954,0,0,0,0,0,0,0,1,1,True
W-000955,0,0,0,0,0,0,0,0,0,False
W-000956,0,0,0,0,0,0,0,0,0,False
W-000957,0,0,0,0,0,0,0,0,0,False
W-000958,1,0,0,0,0,0,0,0,1,True
W-000959,0,0,0,0,0,0,0,1,1,True
W-000960,0,0,0,0,0,0,0,1,1,True
W-000961,0,0,0,0,0,0,0,1,1,True
W-000962,0,0,0,0,0,0,0,0,0,False
W-000963,0,0,0,0,0,0,0,0,0,False
W-000964,0,0,0,0,0,0,0,1,1,True
W-000965,0,0,0,0,0,0,0,1,1,True
W-000966,3,0,0,0,0,0,0,0,3,True
W-000967,0,0,0,0,0,0,0,0,0,False
W-000968,0,0,0,0,0,0,0,1,1,True
W-000969,0,0,0,0,0,0,0,0,0,False
W-000970,0,0,0,0,0,0,0,1,1,True
W-000971,0,0,0,0,0,0,0,0,0,False
W-000972,0,0,0,0,0,0,0,0,0,False
W-000973,1,0,0,0,0,0,0,0,1,True
W-000974,0,0,0,0,0,0,0,1,1,True
W-000975,1,0,0,0,0,0,0,0,1,True
W-000976,0,0,0,0,0,0,0,1,1,True
W-000977,0,0,0,0,0,0,0,1,1,True
W-000978,0,0,0,0,0,0,0,1,1,True
W-000979,0,0,0,0,0,0,0,0,0,False
W-000980,0,0,0,0,0,0,0,0,0,False
W-000981,1,0,0,0,0,0,0,1,2,True
W-000982,3,0,0,0,0,0,0,0,3,True
W-000983,0,0,0,0,0,0,0,1,1,True
W-000984,1,0,0,0,0,0,0,0,1,True
W-000985,0,0,0,0,0,0,0,0,0,False
W-000986,1,0,0,0,0,0,0,1,2,True
W-000987,0,0,0,0,0,0,0,0,0,False
W-000988,0,0,0,0,0,0,0,1,1,True
W-000989,0,0,0,0,0,0,0,1,1,True
W-000990,0,0,0,0,0,0,0,1,1,True
W-000991,0,0,0,0,0,0,0,0,0,False
W-000992,0,0,0,0,0,0,0,1,1,True
W-000993,0,0,0,0,0,0,0,1,1,True
W-000994,1,0,0,0,0,0,0,0,1,True
W-000995,0,0,0,0,0,0,0,1,1,True
W-000996,1,0,0,0,0,0,0,1,2,True
W-000997,0,0,0,0,0,0,0,1,1,True
W-000998,1,0,0,0,0,0,0,0,1,True
W-000999,0,0,0,0,0,0,0,0,0,False
W-001000,0,0,0,0,0,0,0,1,1,True
W-001001,1,0,0,0,0,0,0,1,2,True
W-001002,0,0,0,0,0,0,0,0,0,False
W-001003,0,0,0,0,0,0,0,1,1,True
W-001004,0,0,0,0,0,0,0,1,1,True
W-001005,0,0,0,0,0,0,0,1,1,True
W-001006,1,0,0,0,0,0,0,0,1,True
W-001007,0,0,0,0,0,0,0,1,1,True
W-001008,1,0,0,0,0,0,0,0,1,True
W-001009,0,0,0,0,0,0,0,0,0,False
W-001010,0,0,0,0,0,0,0,0,0,False
W-001011,1,0,0,0,0,0,0,0,1,True
W-001012,1,0,0,0,0,0,0,0,1,True
W-001013,2,0,0,0,0,0,0,0,2,True
W-001014,0,0,0,0,0,0,0,1,1,True
W-001015,1,0,0,0,0,0,0,1,2,True
W-001016,0,0,0,0,0,0,0,1,1,True
W-001017,0,0,0,0,0,0,0,1,1,True
W-001018,0,0,0,0,0,0,0,0,0,False
W-001019,0,0,0,0,0,0,0,0,0,False
W-001020,0,0,0,0,0,0,0,0,0,False
W-001021,0,0,0,0,0,0,0,0,0,False
W-001022,0,0,0,0,0,0,0,1,1,True
W-001023,0,0,0,0,0,0,0,0,0,False
W-001024,0,0,0,0,0,0,0,0,0,False
W-001025,0,0,0,0,0,0,0,1,1,True
W-001026,0,0,0,0,0,0,0,0,0,False
W-001027,0,0,0,0,0,0,0,1,1,True
W-001028,0,0,0,0,0,0,0,1,1,True
W-001029,1,0,0,0,0,0,0,0,1,True
W-001030,0,0,0,0,0,0,0,1,1,True
W-001031,0,0,0,0,0,0,0,0,0,False
W-001032,1,0,0,0,0,0,0,0,1,True
W-001033,0,0,0,0,0,0,0,1,1,True
W-001034,0,0,0,0,0,0,0,0,0,False
W-001035,1,0,0,0,0,0,0,0,1,True
W-001036,0,0,0,0,0,0,0,1,1,True
W-001037,0,0,0,0,0,0,0,0,0,False
W-001038,0,0,0,0,0,0,0,0,0,False
W-001039,0,0,0,0,0,0,0,0,0,False
W-001040,0,0,0,0,0,0,0,0,0,False
W-001041,1,0,0,0,0,0,0,1,2,True
W-001042,0,0,0,0,0,0,0,0,0,False
W-001043,1,0,0,0,0,0,0,0,1,True
W-001044,0,0,0,0,0,0,0,1,1,True
W-001045,1,0,0,0,0,0,0,0,1,True
W-001046,0,0,0,0,0,0,0,0,0,False
W-001047,0,0,0,0,0,0,0,1,1,True
W-001048,0,0,0,0,0,0,0,1,1,True
W-001049,0,0,0,0,0,0,0,1,1,True
W-001050,1,0,0,0,0,0,0,1,2,True
W-001051,0,0,0,0,0,0,0,0,0,False
W-001052,1,0,0,0,0,0,0,0,1,True
W-001053,1,0,0,0,0,0,0,0,1,True
W-001054,0,0,0,0,0,0,0,1,1,True
W-001055,0,0,0,0,0,0,0,1,1,True
W-001056,0,0,0,0,0,0,0,0,0,False
W-001057,0,0,0,0,0,0,0,1,1,True
W-001058,0,0,0,0,0,0,0,0,0,False
W-001059,1,0,0,0,0,0,0,0,1,True
W-001060,0,0,0,0,0,0,0,1,1,True
W-001061,0,0,0,0,0,0,0,0,0,False
W-001062,0,0,0,0,0,0,0,0,0,False
W-001063,1,0,0,0,0,0,0,1,2,True
W-001064,0,0,0,0,0,0,0,1,1,True
W-001065,0,0,0,0,0,0,0,0,0,False
W-001066,0,0,0,0,0,0,0,0,0,False
W-001067,0,0,0,0,0,0,0,0,0,False
W-001068,0,0,0,0,0,0,0,1,1,True
W-001069,1,0,0,0,0,0,0,1,2,True
W-001070,1,0,0,0,0,0,0,1,2,True
W-001071,0,0,0,0,0,0,0,0,0,False
W-001072,0,0,0,0,0,0,0,1,1,True
W-001073,0,0,0,0,0,0,0,0,0,False
W-001074,0,0,0,0,0,0,0,1,1,True
W-001075,0,0,0,0,0,0,0,0,0,False
W-001076,1,0,0,0,0,0,0,0,1,True
W-001077,1,0,0,0,0,0,0,1,2,True
W-001078,0,0,0,0,0,0,0,0,0,False
W-001079,0,0,0,0,0,0,0,1,1,True
W-001080,0,0,0,0,0,0,0,0,0,False
W-001081,0,0,0,0,0,0,0,0,0,False
W-001082,0,0,0,0,0,0,0,1,1,True
W-001083,0,0,0,0,0,0,0,0,0,False
W-001084,0,0,0,0,0,0,0,0,0,False
W-001085,0,0,0,0,0,0,0,0,0,False
W-001086,1,0,0,0,0,0,0,1,2,True
W-001087,0,0,0,0,0,0,0,0,0,False
W-001088,0,0,0,0,0,0,0,0,0,False
W-001089,0,0,0,0,0,0,0,1,1,True
W-001090,0,0,0,0,0,0,0,1,1,True
W-001091,0,0,0,0,0,0,0,0,0,False
W-001092,0,0,0,0,0,0,0,0,0,False
W-001093,0,0,0,0,0,0,0,0,0,False
W-001094,0,0,0,0,0,0,0,1,1,True
W-001095,0,0,0,0,0,0,0,1,1,True
W-001096,1,0,0,0,0,0,0,1,2,True
W-001097,0,0,0,0,0,0,0,0,0,False
W-001098,0,0,0,0,0,0,0,1,1,True
W-001099,0,0,0,0,0,0,0,0,0,False
W-001100,0,0,0,0,0,0,0,1,1,True
W-001101,0,0,0,0,0,0,0,0,0,False
W-001102,0,0,0,0,0,0,0,1,1,True
W-001103,0,0,0,0,0,0,0,0,0,False
W-001104,1,0,0,0,0,0,0,1,2,True
W-001105,0,0,0,0,0,0,0,0,0,False
W-001106,0,0,0,0,0,0,0,1,1,True
W-001107,0,0,0,0,0,0,0,0,0,False
W-001108,0,0,0,0,0,0,0,0,0,False
W-001109,0,0,0,0,0,0,0,0,0,False
W-001110,0,0,0,0,0,0,0,1,1,True
W-001111,0,0,0,0,0,0,0,0,0,False
W-001112,0,0,0,0,0,0,0,0,0,False
W-001113,0,0,0,0,0,0,0,0,0,False
W-001114,0,0,0,0,0,0,0,0,0,False
W-001115,0,0,0,0,0,0,0,1,1,True
W-001116,0,0,0,0,0,0,0,1,1,True
W-001117,0,0,0,0,0,0,0,0,0,False
W-001118,1,0,0,0,0,0,0,0,1,True
W-001119,0,0,0,0,0,0,0,1,1,True
W-001120,0,0,0,0,0,0,0,0,0,False
W-001121,0,0,0,0,0,0,0,0,0,False
W-001122,0,0,0,0,0,0,0,0,0,False
W-001123,0,0,0,0,0,0,0,0,0,False
W-001124,0,0,0,0,0,0,0,1,1,True
W-001125,0,0,0,0,0,0,0,0,0,False
W-001126,1,0,0,0,0,0,0,1,2,True
W-001127,0,0,0,0,0,0,0,0,0,False
W-001128,0,0,0,0,0,0,0,0,0,False
W-001129,0,0,0,0,0,0,0,0,0,False
W-001130,0,0,0,0,0,0,0,0,0,False
W-001131,0,0,0,0,0,0,0,1,1,True
W-001132,0,0,0,0,0,0,0,0,0,False
W-001133,0,0,0,0,0,0,0,0,0,False
W-001134,0,0,0,0,0,0,0,0,0,False
W-001135,0,0,0,0,0,0,0,0,0,False
W-001136,0,0,0,0,0,0,0,0,0,False
W-001137,0,0,0,0,0,0,0,0,0,False
W-001138,0,0,0,0,0,0,0,1,1,True
W-001139,0,0,0,0,0,0,0,0,0,False
W-001140,0,0,0,0,0,0,0,1,1,True
W-001141,0,0,0,0,0,0,0,1,1,True
W-001142,0,0,0,0,0,0,0,0,0,False
W-001143,0,0,0,0,0,0,0,0,0,False
W-001144,0,0,0,0,0,0,0,0,0,False
W-001145,0,0,0,0,0,0,0,0,0,False
W-001146,0,0,0,0,0,0,0,1,1,True
W-001147,0,0,0,0,0,0,0,0,0,False
W-001148,0,0,0,0,0,0,0,0,0,False
W-001149,0,0,0,0,0,0,0,0,0,False
W-001150,1,0,0,0,0,0,0,1,2,True
W-001151,1,0,0,0,0,0,0,0,1,True
W-001152,1,0,0,0,0,0,0,0,1,True
W-001153,0,0,0,0,0,0,0,1,1,True
W-001154,0,0,0,0,0,0,0,1,1,True
W-001155,1,0,0,0,0,0,0,0,1,True
W-001156,0,0,0,0,0,0,0,1,1,True
W-001157,1,0,0,0,0,0,0,0,1,True
W-001158,0,0,0,0,0,0,0,0,0,False
W-001159,0,0,0,0,0,0,0,0,0,False
W-001160,0,0,0,0,0,0,0,0,0,False
W-001161,0,0,0,0,0,0,0,0,0,False
W-001162,0,0,0,0,0,0,0,1,1,True
W-001163,0,0,0,0,0,0,0,1,1,True
W-001164,1,0,0,0,0,0,0,0,1,True
W-001165,1,0,1,0,0,0,0,1,3,True
W-001166,0,0,0,0,0,0,0,1,1,True
W-001167,0,0,0,0,0,0,0,0,0,False
W-001168,0,0,0,0,0,0,0,1,1,True
W-001169,1,0,0,0,0,0,0,0,1,True
W-001170,0,0,0,0,0,0,0,0,0,False
W-001171,0,0,0,0,0,0,0,1,1,True
W-001172,2,0,0,0,0,0,0,0,2,True
W-001173,0,0,0,0,0,0,0,0,0,False
W-001174,1,0,0,0,0,0,0,1,2,True
W-001175,0,0,0,0,0,0,0,1,1,True
W-001176,0,0,0,0,0,0,0,0,0,False
W-001177,0,0,0,0,0,0,0,0,0,False
W-001178,3,0,0,0,0,0,0,1,4,True
W-001179,0,0,0,0,0,0,0,0,0,False
W-001180,0,0,0,0,0,0,0,0,0,False
W-001181,2,0,0,0,0,0,0,0,2,True
W-001182,0,0,0,0,0,0,0,1,1,True
W-001183,1,0,0,0,0,0,0,0,1,True
W-001184,0,0,0,0,0,0,0,1,1,True
W-001185,0,0,0,0,0,0,0,1,1,True
W-001186,1,0,0,0,0,0,0,0,1,True
W-001187,0,0,0,0,0,0,0,0,0,False
W-001188,0,0,0,0,0,0,0,0,0,False
W-001189,0,0,0,0,0,0,0,1,1,True
W-001190,1,0,0,0,0,0,0,0,1,True
W-001191,0,0,0,0,0,0,0,1,1,True
W-001192,2,0,0,0,0,0,0,0,2,True
W-001193,0,0,0,0,0,0,0,0,0,False
W-001194,0,0,0,0,0,0,0,0,0,False
W-001195,0,0,0,0,0,0,0,0,0,False
W-001196,0,0,0,0,0,0,0,0,0,False
W-001197,0,0,0,0,0,0,0,1,1,True
W-001198,0,0,0,0,0,0,0,1,1,True
W-001199,0,0,0,0,0,0,0,1,1,True
W-001200,1,0,0,0,0,0,0,0,1,True
W-001201,0,0,0,0,0,0,0,1,1,True
W-001202,0,0,0,0,0,0,0,0,0,False
W-001203,0,0,0,0,0,0,0,0,0,False
W-001204,0,0,0,0,0,0,0,1,1,True
W-001205,0,0,0,0,0,0,0,0,0,False
W-001206,0,0,0,0,0,0,0,0,0,False
W-001207,1,0,0,0,0,0,0,0,1,True
W-001208,0,0,0,0,0,0,0,1,1,True
W-001209,0,0,0,0,0,0,0,0,0,False
W-001210,0,0,0,0,0,0,0,1,1,True
W-001211,0,0,0,0,0,0,0,0,0,False
W-001212,2,0,0,0,0,0,0,0,2,True
W-001213,0,0,0,0,0,0,0,0,0,False
W-001214,0,0,0,0,0,0,0,0,0,False
W-001215,0,0,0,0,0,0,0,0,0,False
W-001216,0,0,0,0,0,0,0,0,0,False
W-001217,0,0,0,0,0,0,0,1,1,True
W-001218,0,0,0,0,0,0,0,0,0,False
W-001219,1,0,0,0,0,0,0,1,2,True
W-001220,0,0,0,0,0,0,0,0,0,False
W-001221,2,0,0,0,0,0,0,0,2,True
W-001222,0,0,0,0,0,0,0,0,0,False
W-001223,0,0,0,0,0,0,0,1,1,True
W-001224,0,0,0,0,0,0,0,0,0,False
W-001225,0,0,0,0,0,0,0,1,1,True
W-001226,1,0,0,0,0,0,0,1,2,True
W-001227,0,0,0,0,0,0,0,1,1,True
W-001228,0,0,0,0,0,0,0,1,1,True
W-001229,0,0,0,0,0,0,0,0,0,False
W-001230,0,0,0,0,0,0,0,0,0,False
W-001231,0,0,0,0,0,0,0,0,0,False
W-001232,0,0,0,0,0,0,0,0,0,False
W-001233,0,0,0,0,0,0,0,0,0,False
W-001234,0,0,0,0,0,0,0,0,0,False
W-001235,0,0,0,0,0,0,0,1,1,True
W-001236,0,0,0,0,0,0,0,1,1,True
W-001237,1,0,0,0,0,0,0,1,2,True
W-001238,0,0,0,0,0,0,0,1,1,True
W-001239,1,0,0,0,0,0,0,1,2,True
W-001240,0,0,0,0,0,0,0,1,1,True
W-001241,0,0,0,0,0,0,0,0,0,False
W-001242,1,0,0,0,0,0,0,1,2,True
W-001243,0,0,0,0,0,0,0,0,0,False
W-001244,0,0,0,0,0,0,0,1,1,True
W-001245,0,0,0,0,0,0,0,0,0,False
W-001246,0,0,0,0,0,0,0,1,1,True
W-001247,0,0,0,0,0,0,0,0,0,False
W-001248,0,0,0,0,0,0,0,1,1,True
W-001249,0,0,0,0,0,0,0,0,0,False
W-001250,1,0,0,0,0,0,0,0,1,True
W-001251,0,0,0,0,0,0,0,0,0,False
W-001252,0,0,0,0,0,0,0,0,0,False
W-001253,1,0,0,0,0,0,0,0,1,True
W-001254,0,0,0,0,0,0,0,0,0,False
W-001255,0,0,0,0,0,0,0,0,0,False
W-001256,0,0,0,0,0,0,0,1,1,True
W-001257,0,0,0,0,0,0,0,0,0,False
W-001258,0,0,0,0,0,0,0,1,1,True
W-001259,1,0,0,0,0,0,0,0,1,True
W-001260,0,0,0,0,0,0,0,0,0,False
W-001261,0,0,0,0,0,0,0,0,0,False
W-001262,0,0,0,0,0,0,0,0,0,False
W-001263,0,0,0,0,0,0,0,0,0,False
W-001264,0,0,0,0,0,0,0,0,0,False
W-001265,1,0,0,0,0,0,0,0,1,True
W-001266,0,0,0,0,0,0,0,0,0,False
W-001267,0,0,0,0,0,0,0,1,1,True
W-001268,0,0,0,0,0,0,0,0,0,False
W-001269,0,0,0,0,0,0,0,0,0,False
W-001270,1,0,0,0,0,0,0,0,1,True
W-001271,0,0,0,0,0,0,0,1,1,True
W-001272,0,0,0,0,0,0,0,0,0,False
W-001273,0,0,0,0,0,0,0,0,0,False
W-001274,0,0,0,0,0,0,0,1,1,True
W-001275,0,0,0,0,0,0,0,0,0,False
W-001276,0,0,0,0,0,0,0,0,0,False
W-001277,2,0,0,0,0,0,0,1,3,True
W-001278,1,0,0,0,0,0,0,0,1,True
W-001279,0,0,0,0,0,0,0,1,1,True
W-001280,0,0,0,0,0,0,0,0,0,False
W-001281,0,0,0,0,0,0,0,1,1,True
W-001282,0,0,0,0,0,0,0,0,0,False
W-001283,0,0,0,0,0,0,0,0,0,False
W-001284,0,0,0,0,0,0,0,0,0,False
W-001285,1,0,0,0,0,0,0,0,1,True
W-001286,0,0,0,0,0,0,0,1,1,True
W-001287,0,0,0,0,0,0,0,0,0,False
W-001288,0,0,0,0,0,0,0,1,1,True
W-001289,0,0,0,0,0,0,0,1,1,True
W-001290,0,0,0,0,0,0,0,0,0,False
W-001291,1,0,0,0,0,0,0,0,1,True
W-001292,0,0,0,0,0,0,0,1,1,True
W-001293,0,0,0,0,0,0,0,0,0,False
W-001294,0,0,0,0,0,0,0,1,1,True
W-001295,0,0,0,0,0,0,0,1,1,True
W-001296,1,0,0,0,0,0,0,1,2,True
W-001297,0,0,0,0,0,0,0,1,1,True
W-001298,0,0,0,0,0,0,0,1,1,True
W-001299,0,0,0,0,0,0,0,1,1,True
W-001300,0,0,0,0,0,0,0,1,1,True
W-001301,0,0,0,0,0,0,0,1,1,True
W-001302,0,0,0,0,0,0,0,0,0,False
W-001303,0,0,0,0,0,0,0,0,0,False
W-001304,1,0,0,0,0,0,0,1,2,True
W-001305,0,0,0,0,0,0,0,0,0,False
W-001306,0,0,0,0,0,0,0,0,0,False
W-001307,0,0,0,0,0,0,0,1,1,True
W-001308,1,0,0,0,0,0,0,1,2,True
W-001309,2,0,0,0,0,0,0,1,3,True
W-001310,1,0,0,0,0,0,0,0,1,True
W-001311,1,0,0,0,0,0,0,0,1,True
W-001312,0,0,0,0,0,0,0,1,1,True
W-001313,0,0,0,0,0,0,0,1,1,True
W-001314,0,0,0,0,0,0,0,0,0,False
W-001315,0,0,0,0,0,0,0,1,1,True
W-001316,0,0,0,0,0,0,0,1,1,True
W-001317,0,0,0,0,0,0,0,0,0,False
W-001318,0,0,0,0,0,0,0,0,0,False
W-001319,1,0,0,0,0,0,0,0,1,True
W-001320,0,0,0,0,0,0,0,0,0,False
W-001321,1,0,0,0,0,0,0,1,2,True
W-001322,0,0,0,0,0,0,0,1,1,True
W-001323,0,0,0,0,0,0,0,0,0,False
W-001324,0,0,0,0,0,0,0,0,0,False
W-001325,0,0,0,0,0,0,0,0,0,False
W-001326,0,0,0,0,0,0,0,0,0,False
W-001327,0,0,0,0,0,0,0,0,0,False
W-001328,0,0,0,0,0,0,0,1,1,True
W-001329,0,0,0,0,0,0,0,0,0,False
W-001330,0,0,0,0,0,0,0,0,0,False
W-001331,0,0,0,0,0,0,0,0,0,False
W-001332,0,0,0,0,0,0,0,1,1,True
W-001333,1,0,0,0,0,0,0,1,2,True
W-001334,1,0,0,0,0,0,0,0,1,True
W-001335,0,0,0,0,0,0,0,1,1,True
W-001336,0,0,0,0,0,0,0,0,0,False
W-001337,0,0,0,0,0,0,0,1,1,True
W-001338,0,0,0,0,0,0,0,1,1,True
W-001339,0,0,0,0,0,0,0,0,0,False
W-001340,0,0,0,0,0,0,0,1,1,True
W-001341,0,0,0,0,0,0,0,1,1,True
W-001342,1,0,0,0,0,0,0,1,2,True
W-001343,1,0,0,0,0,0,0,1,2,True
W-001344,1,0,0,0,0,0,0,0,1,True
W-001345,0,0,0,0,0,0,0,0,0,False
W-001346,0,0,0,0,0,0,0,0,0,False
W-001347,0,0,0,0,0,0,0,0,0,False
W-001348,0,0,0,0,0,0,0,1,1,True
W-001349,0,0,0,0,0,0,0,1,1,True
W-001350,0,0,0,0,0,0,0,1,1,True
W-001351,0,0,0,0,0,0,0,0,0,False
W-001352,0,0,0,0,0,0,0,1,1,True
W-001353,0,0,0,0,0,0,0,1,1,True
W-001354,0,0,0,0,0,0,0,1,1,True
W-001355,0,0,0,0,0,0,0,0,0,False
W-001356,0,0,0,0,0,0,0,0,0,False
W-001357,1,0,0,0,0,0,0,0,1,True
W-001358,0,0,0,0,0,0,0,1,1,True
W-001359,0,0,0,0,0,0,0,1,1,True
W-001360,0,0,0,0,0,0,0,1,1,True
W-001361,0,0,0,0,0,0,0,0,0,False
W-001362,1,0,0,0,0,0,0,1,2,True
W-001363,0,0,0,0,0,0,0,0,0,False
W-001364,0,0,0,0,0,0,0,0,0,False
W-001365,0,0,0,0,0,0,0,0,0,False
W-001366,0,0,0,0,0,0,0,0,0,False
W-001367,0,0,0,0,0,0,0,0,0,False
W-001368,0,0,0,0,0,0,0,0,0,False
W-001369,0,0,0,0,0,0,0,0,0,False
W-001370,0,0,0,0,0,0,0,1,1,True
W-001371,0,0,0,0,0,0,0,0,0,False
W-001372,0,0,0,0,0,0,0,0,0,False
W-001373,0,0,0,0,0,0,0,0,0,False
W-001374,0,0,0,0,0,0,0,0,0,False
W-001375,0,0,0,0,0,0,0,0,0,False
W-001376,0,0,0,0,0,0,0,0,0,False
W-001377,1,0,0,0,0,0,0,0,1,True
W-001378,0,0,0,0,0,0,0,0,0,False
W-001379,0,0,0,0,0,0,0,1,1,True
W-001380,0,0,0,0,0,0,0,1,1,True
W-001381,0,0,0,0,0,0,0,0,0,False
W-001382,0,0,0,0,0,0,0,0,0,False
W-001383,0,0,0,0,0,0,0,1,1,True
W-001384,0,0,0,0,0,0,0,0,0,False
W-001385,0,0,0,0,0,0,0,0,0,False
W-001386,0,0,0,0,0,0,0,0,0,False
W-001387,0,0,0,0,0,0,0,1,1,True
W-001388,0,0,0,0,0,0,0,0,0,False
W-001389,0,0,0,0,0,0,0,1,1,True
W-001390,0,0,0,0,0,0,0,1,1,True
W-001391,0,0,0,0,0,0,0,0,0,False
W-001392,0,0,0,0,0,0,0,1,1,True
W-001393,0,0,0,0,0,0,0,0,0,False
W-001394,1,0,0,0,0,0,0,1,2,True
W-001395,0,0,0,0,0,0,0,0,0,False
W-001396,0,0,0,0,0,0,0,0,0,False
W-001397,0,0,0,0,0,0,0,1,1,True
W-001398,1,0,0,0,0,0,0,1,2,True
W-001399,0,0,0,0,0,0,0,0,0,False
W-001400,0,0,0,0,0,0,0,0,0,False
W-001401,0,0,0,0,0,0,0,0,0,False
W-001402,0,0,0,0,0,0,0,1,1,True
W-001403,0,0,0,0,0,0,0,0,0,False
W-001404,0,0,0,0,0,0,0,0,0,False
W-001405,0,0,0,0,0,0,0,0,0,False
W-001406,0,0,0,0,0,0,0,1,1,True
W-001407,0,0,0,0,0,0,0,1,1,True
W-001408,1,0,0,0,0,0,0,1,2,True
W-001409,0,0,0,0,0,0,0,1,1,True
W-001410,0,0,0,0,0,0,0,0,0,False
W-001411,0,0,0,0,0,0,0,0,0,False
W-001412,0,0,0,0,0,0,0,1,1,True
W-001413,2,0,0,0,0,0,0,0,2,True
W-001414,1,0,0,0,0,0,0,0,1,True
W-001415,0,0,0,0,0,0,0,0,0,False
W-001416,0,0,0,0,0,0,0,0,0,False
W-001417,0,0,0,0,0,0,0,1,1,True
W-001418,0,0,0,0,0,0,0,0,0,False
W-001419,0,0,0,0,0,0,0,1,1,True
W-001420,0,0,0,0,0,0,0,0,0,False
W-001421,0,0,0,0,0,0,0,1,1,True
W-001422,1,0,0,0,0,0,0,1,2,True
W-001423,0,0,0,0,0,0,0,0,0,False
W-001424,0,0,0,0,0,0,0,1,1,True
W-001425,0,0,0,0,0,0,0,1,1,True
W-001426,0,0,0,0,0,0,0,0,0,False
W-001427,1,0,0,0,0,0,0,1,2,True
W-001428,0,0,0,0,0,0,0,0,0,False
W-001429,0,0,0,0,0,0,0,1,1,True
W-001430,0,0,0,0,0,0,0,0,0,False
W-001431,0,0,0,0,0,0,0,0,0,False
W-001432,0,0,0,0,0,0,0,1,1,True
W-001433,0,0,0,0,0,0,0,0,0,False
W-001434,0,0,0,0,0,0,0,0,0,False
W-001435,0,0,0,0,0,0,0,1,1,True
W-001436,0,0,0,0,0,0,0,0,0,False
W-001437,0,0,0,0,0,0,0,1,1,True
W-001438,1,0,0,0,0,0,0,0,1,True
W-001439,0,0,0,0,0,0,0,0,0,False
W-001440,0,0,0,0,0,0,0,0,0,False
W-001441,1,0,0,0,0,0,0,0,1,True
W-001442,0,0,0,0,0,0,0,0,0,False
W-001443,1,0,0,0,0,0,0,1,2,True
W-001444,1,0,0,0,0,0,0,1,2,True
W-001445,0,0,0,0,0,0,0,0,0,False
W-001446,0,0,0,0,0,0,0,0,0,False
W-001447,1,0,0,0,0,0,0,0,1,True
W-001448,0,0,0,0,0,0,0,1,1,True
W-001449,1,0,0,0,0,0,0,1,2,True
W-001450,1,0,0,0,0,0,0,0,1,True
W-001451,0,0,0,0,0,0,0,1,1,True
W-001452,0,0,0,0,0,0,0,0,0,False
W-001453,0,0,0,0,0,0,0,0,0,False
W-001454,1,0,0,0,0,0,0,1,2,True
W-001455,0,0,0,0,0,0,0,1,1,True
W-001456,0,0,0,0,0,0,0,1,1,True
W-001457,0,0,0,0,0,0,0,0,0,False
W-001458,0,0,0,0,0,0,0,0,0,False
W-001459,0,0,0,0,0,0,0,0,0,False
W-001460,1,0,0,0,0,0,0,0,1,True
W-001461,0,0,0,0,0,0,0,0,0,False
W-001462,0,0,0,0,0,0,0,1,1,True
W-001463,0,0,0,0,0,0,0,1,1,True
W-001464,0,0,0,0,0,0,0,1,1,True
W-001465,0,0,0,0,0,0,0,0,0,False
W-001466,0,0,0,0,0,0,0,0,0,False
W-001467,1,0,0,0,0,0,0,1,2,True
W-001468,0,0,0,0,0,0,0,0,0,False
W-001469,1,0,0,0,0,0,0,0,1,True
W-001470,1,0,0,0,0,0,0,1,2,True
W-001471,0,0,0,0,0,0,0,0,0,False
W-001472,0,0,0,0,0,0,0,1,1,True
W-001473,0,0,0,0,0,0,0,0,0,False
W-001474,0,0,0,0,0,0,0,0,0,False
W-001475,0,0,0,0,0,0,0,0,0,False
W-001476,0,0,0,0,0,0,0,0,0,False
W-001477,0,0,0,0,0,0,0,0,0,False
W-001478,0,0,0,0,0,0,0,0,0,False
W-001479,0,0,0,0,0,0,0,0,0,False
W-001480,0,0,0,0,0,0,0,1,1,True
W-001481,0,0,0,0,0,0,0,0,0,False
W-001482,0,0,0,0,0,0,0,0,0,False
W-001483,1,0,0,0,0,0,0,1,2,True
W-001484,1,0,0,0,0,0,0,0,1,True
W-001485,0,0,0,0,0,0,0,0,0,False
W-001486,1,0,0,0,0,0,0,1,2,True
W-001487,0,0,0,0,0,0,0,1,1,True
W-001488,0,0,0,0,0,0,0,0,0,False
W-001489,0,0,0,0,0,0,0,0,0,False
W-001490,0,0,0,0,0,0,0,1,1,True
W-001491,0,0,0,0,0,0,0,0,0,False
W-001492,0,0,0,0,0,0,0,0,0,False
W-001493,0,0,0,0,0,0,0,0,0,False
W-001494,0,0,0,0,0,0,0,1,1,True
W-001495,1,0,0,0,0,0,0,1,2,True
W-001496,1,0,0,0,0,0,0,0,1,True
W-001497,0,0,0,0,0,0,0,1,1,True
W-001498,1,0,0,0,0,0,0,1,2,True
W-001499,0,0,0,0,0,0,0,1,1,True
W-001500,1,0,0,0,0,0,0,1,2,True
W-001501,0,0,0,0,0,0,0,0,0,False
W-001502,0,0,0,0,0,0,0,0,0,False
W-001503,0,0,0,0,0,0,0,1,1,True
W-001504,0,0,0,0,0,0,0,0,0,False
W-001505,0,0,0,0,0,0,0,0,0,False
W-001506,0,0,0,0,0,0,0,0,0,False
W-001507,0,0,0,0,0,0,0,0,0,False
W-001508,0,0,0,0,0,0,0,0,0,False
W-001509,0,0,0,0,0,0,0,0,0,False
W-001510,0,0,0,0,0,0,0,0,0,False
W-001511,0,0,0,0,0,0,0,1,1,True
W-001512,0,0,0,0,0,0,0,0,0,False
W-001513,0,0,0,0,0,0,0,0,0,False
W-001514,0,0,0,0,0,0,0,1,1,True
W-001515,0,0,0,0,0,0,0,1,1,True
W-001516,0,0,0,0,0,0,0,1,1,True
W-001517,0,0,0,0,0,0,0,1,1,True
W-001518,0,0,0,0,0,0,0,0,0,False
W-001519,0,0,0,0,0,0,0,0,0,False
W-001520,1,0,0,0,0,0,0,0,1,True
W-001521,0,0,0,0,0,0,0,0,0,False
W-001522,0,0,0,0,0,0,0,1,1,True
W-001523,0,0,0,0,0,0,0,0,0,False
W-001524,1,0,0,0,0,0,0,1,2,True
W-001525,1,0,0,0,0,0,0,1,2,True
W-001526,0,0,0,0,0,0,0,0,0,False
W-001527,0,0,0,0,0,0,0,0,0,False
W-001528,0,0,0,0,0,0,0,0,0,False
W-001529,0,0,0,0,0,0,0,0,0,False
W-001530,0,0,0,0,0,0,0,0,0,False
W-001531,0,0,0,0,0,0,0,1,1,True
W-001532,2,0,0,0,0,0,0,0,2,True
W-001533,0,0,0,0,0,0,0,0,0,False
W-001534,0,0,0,0,0,0,0,0,0,False
W-001535,1,0,0,0,0,0,0,1,2,True
W-001536,0,0,0,0,0,0,0,1,1,True
W-001537,0,0,0,0,0,0,0,1,1,True
W-001538,0,0,0,0,0,0,0,1,1,True
W-001539,0,0,0,0,0,0,0,0,0,False
W-001540,0,0,0,0,0,0,0,1,1,True
W-001541,0,0,0,0,0,0,0,0,0,False
W-001542,0,0,0,0,0,0,0,1,1,True
W-001543,0,0,0,0,0,0,0,1,1,True
W-001544,1,0,0,0,0,0,0,0,1,True
W-001545,0,0,0,0,0,0,0,1,1,True
W-001546,0,0,0,0,0,0,0,0,0,False
W-001547,0,0,0,0,0,0,0,0,0,False
W-001548,0,0,0,0,0,0,0,0,0,False
W-001549,0,0,0,0,0,0,0,0,0,False
W-001550,1,0,0,0,0,0,0,0,1,True
W-001551,0,0,0,0,0,0,0,0,0,False
W-001552,0,0,0,0,0,0,0,1,1,True
W-001553,1,0,0,0,0,0,0,0,1,True
W-001554,0,0,0,0,0,0,0,0,0,False
W-001555,0,0,0,0,0,0,0,0,0,False
W-001556,0,0,0,0,0,0,0,0,0,False
W-001557,0,0,0,0,0,0,0,1,1,True
W-001558,0,0,0,0,0,0,0,0,0,False
W-001559,1,0,0,0,0,0,0,1,2,True
W-001560,0,0,0,0,0,0,0,1,1,True
W-001561,0,0,0,0,0,0,0,0,0,False
W-001562,0,0,0,0,0,0,0,0,0,False
W-001563,0,0,0,0,0,0,0,0,0,False
W-001564,0,0,0,0,0,0,0,0,0,False
W-001565,0,0,0,0,0,0,0,0,0,False
W-001566,0,0,0,0,0,0,0,0,0,False
W-001567,0,0,0,0,0,0,0,0,0,False
W-001568,0,0,0,0,0,0,0,1,1,True
W-001569,0,0,0,0,0,0,0,0,0,False
W-001570,0,0,0,0,0,0,0,1,1,True
W-001571,1,0,0,0,0,0,0,0,1,True
W-001572,0,0,0,0,0,0,0,1,1,True
W-001573,0,0,0,0,0,0,0,1,1,True
W-001574,0,0,0,0,0,0,0,0,0,False
W-001575,0,0,0,0,0,0,0,1,1,True
W-001576,0,0,0,0,0,0,0,0,0,False
W-001577,0,0,0,0,0,0,0,0,0,False
W-001578,0,0,0,0,0,0,0,0,0,False
W-001579,0,0,0,0,0,0,0,1,1,True
W-001580,1,0,0,0,0,0,0,1,2,True
W-001581,0,0,0,0,0,0,0,0,0,False
W-001582,0,0,0,0,0,0,0,0,0,False
W-001583,0,0,0,0,0,0,0,0,0,False
W-001584,0,0,0,0,0,0,0,0,0,False
W-001585,0,0,0,0,0,0,0,1,1,True
W-001586,0,0,0,0,0,0,0,1,1,True
W-001587,0,0,0,0,0,0,0,0,0,False
W-001588,0,0,0,0,0,0,0,1,1,True
W-001589,0,0,0,0,0,0,0,1,1,True
W-001590,0,0,0,0,0,0,0,0,0,False
W-001591,0,0,0,0,0,0,0,0,0,False
W-001592,0,0,0,0,0,0,0,0,0,False
W-001593,0,0,0,0,0,0,0,0,0,False
W-001594,0,0,0,0,0,0,0,0,0,False
W-001595,0,0,0,0,0,0,0,0,0,False
W-001596,0,0,0,0,0,0,0,1,1,True
W-001597,0,0,0,0,0,0,0,0,0,False
W-001598,0,0,0,0,0,0,0,1,1,True
W-001599,0,0,0,0,0,0,0,0,0,False
W-001600,0,0,0,0,0,0,0,0,0,False
W-001601,0,0,0,0,0,0,0,0,0,False
W-001602,0,0,0,0,0,0,0,0,0,False
W-001603,0,0,0,0,0,0,0,0,0,False
W-001604,0,0,0,0,0,0,0,1,1,True
W-001605,0,0,0,0,0,0,0,0,0,False
W-001606,0,0,0,0,0,0,0,0,0,False
W-001607,0,0,0,0,0,0,0,0,0,False
W-001608,0,0,0,0,0,0,0,0,0,False
W-001609,1,0,0,0,0,0,0,1,2,True
W-001610,0,0,0,0,0,0,0,0,0,False
W-001611,0,0,0,0,0,0,0,1,1,True
W-001612,0,0,0,0,0,0,0,1,1,True
W-001613,0,0,0,0,0,0,0,0,0,False
W-001614,0,0,0,0,0,0,0,1,1,True
W-001615,0,0,0,0,0,0,0,0,0,False
W-001616,1,0,0,0,0,0,0,1,2,True
W-001617,0,0,0,0,0,0,0,0,0,False
W-001618,0,0,0,0,0,0,0,0,0,False
W-001619,1,0,0,0,0,0,0,0,1,True
W-001620,1,0,0,0,0,0,0,0,1,True
W-001621,0,0,0,0,0,0,0,1,1,True
W-001622,0,0,0,0,0,0,0,1,1,True
W-001623,1,0,0,0,0,0,0,0,1,True
W-001624,0,0,0,0,0,0,0,1,1,True
W-001625,0,0,0,0,0,0,0,1,1,True
W-001626,0,0,0,0,0,0,0,0,0,False
W-001627,0,0,0,0,0,0,0,1,1,True
W-001628,0,0,0,0,0,0,0,0,0,False
W-001629,1,0,0,0,0,0,0,0,1,True
W-001630,2,0,0,0,0,0,0,1,3,True
W-001631,0,0,0,0,0,0,0,0,0,False
W-001632,0,0,0,0,0,0,0,0,0,False
W-001633,0,0,0,0,0,0,0,0,0,False
W-001634,0,0,0,0,0,0,0,0,0,False
W-001635,0,0,0,0,0,0,0,0,0,False
W-001636,0,0,0,0,0,0,0,1,1,True
W-001637,0,0,0,0,0,0,0,0,0,False
W-001638,1,0,0,0,0,0,0,0,1,True
W-001639,0,0,0,0,0,0,0,1,1,True
W-001640,0,0,0,0,0,0,0,0,0,False
W-001641,1,0,0,0,0,0,0,0,1,True
W-001642,0,0,0,0,0,0,0,1,1,True
W-001643,1,0,0,0,0,0,0,1,2,True
W-001644,0,0,0,0,0,0,0,0,0,False
W-001645,0,0,0,0,0,0,0,0,0,False
W-001646,0,0,0,0,0,0,0,0,0,False
W-001647,0,0,0,0,0,0,0,1,1,True
W-001648,1,0,0,0,0,0,0,1,2,True
W-001649,0,0,0,0,0,0,0,0,0,False
W-001650,1,0,0,0,0,0,0,0,1,True
W-001651,0,0,0,0,0,0,0,1,1,True
W-001652,1,0,0,0,0,0,0,1,2,True
W-001653,1,0,0,0,0,0,0,0,1,True
W-001654,0,0,0,0,0,0,0,1,1,True
W-001655,0,0,0,0,0,0,0,0,0,False
W-001656,0,0,0,0,0,0,0,1,1,True
W-001657,1,0,0,0,0,0,0,0,1,True
W-001658,0,0,0,0,0,0,0,0,0,False
W-001659,1,0,0,0,0,0,0,0,1,True
W-001660,0,0,0,0,0,0,0,1,1,True
W-001661,0,0,0,0,0,0,0,1,1,True
W-001662,0,0,0,0,0,0,0,0,0,False
W-001663,0,0,0,0,0,0,0,0,0,False
W-001664,0,0,0,0,0,0,0,0,0,False
W-001665,0,0,0,0,0,0,0,0,0,False
W-001666,0,0,0,0,0,0,0,0,0,False
W-001667,0,0,0,0,0,0,0,0,0,False
W-001668,1,0,0,0,0,0,0,0,1,True
W-001669,0,0,0,0,0,0,0,1,1,True
W-001670,0,0,0,0,0,0,0,0,0,False
W-001671,0,0,0,0,0,0,0,1,1,True
W-001672,0,0,0,0,0,0,0,1,1,True
W-001673,0,0,0,0,0,0,0,0,0,False
W-001674,1,0,0,0,0,0,0,0,1,True
W-001675,0,0,0,0,0,0,0,0,0,False
W-001676,0,0,0,0,0,0,0,1,1,True
W-001677,0,0,0,0,0,0,0,0,0,False
W-001678,0,0,0,0,0,0,0,0,0,False
W-001679,1,0,0,0,0,0,0,0,1,True
W-001680,0,0,0,0,0,0,0,0,0,False
W-001681,0,0,0,0,0,0,0,0,0,False
W-001682,0,0,0,0,0,0,0,0,0,False
W-001683,0,0,0,0,0,0,0,1,1,True
W-001684,0,0,0,0,0,0,0,0,0,False
W-001685,0,0,0,0,0,0,0,0,0,False
W-001686,0,0,0,0,0,0,0,0,0,False
W-001687,0,0,0,0,0,0,0,0,0,False
W-001688,0,0,0,0,0,0,0,1,1,True
W-001689,0,0,0,0,0,0,0,1,1,True
W-001690,0,0,0,0,0,0,0,1,1,True
W-001691,0,0,0,0,0,0,0,0,0,False
W-001692,0,0,0,0,0,0,0,0,0,False
W-001693,0,0,0,0,0,0,0,1,1,True
W-001694,0,0,0,0,0,0,0,0,0,False
W-001695,0,0,0,0,0,0,0,1,1,True
W-001696,0,0,0,0,0,0,0,0,0,False
W-001697,1,0,0,0,0,0,0,1,2,True
W-001698,0,0,0,0,0,0,0,1,1,True
W-001699,0,0,0,0,0,0,0,0,0,False
W-001700,0,0,0,0,0,0,0,0,0,False
W-001701,1,0,0,0,0,0,0,1,2,True
W-001702,0,0,0,0,0,0,0,0,0,False
W-001703,1,0,0,0,0,0,0,1,2,True
W-001704,0,0,0,0,0,0,0,1,1,True
W-001705,1,0,0,0,0,0,0,1,2,True
W-001706,0,0,0,0,0,0,0,1,1,True
W-001707,0,0,0,0,0,0,0,0,0,False
W-001708,0,0,0,0,0,0,0,1,1,True
W-001709,0,0,0,0,0,0,0,0,0,False
W-001710,1,0,0,0,0,0,0,0,1,True
W-001711,0,0,0,0,0,0,0,1,1,True
W-001712,0,0,0,0,0,0,0,0,0,False
W-001713,0,0,0,0,0,0,0,1,1,True
W-001714,0,0,0,0,0,0,0,0,0,False
W-001715,0,0,0,0,0,0,0,1,1,True
W-001716,0,0,0,0,0,0,0,0,0,False
W-001717,0,0,0,0,0,0,0,0,0,False
W-001718,1,0,0,0,0,0,0,0,1,True
W-001719,0,0,0,0,0,0,0,1,1,True
W-001720,0,0,0,0,0,0,0,0,0,False
W-001721,0,0,0,0,0,0,0,0,0,False
W-001722,0,0,0,0,0,0,0,1,1,True
W-001723,1,0,0,0,0,0,0,1,2,True
W-001724,0,0,0,0,0,0,0,0,0,False
W-001725,0,0,0,0,0,0,0,0,0,False
W-001726,0,0,0,0,0,0,0,1,1,True
W-001727,0,0,0,0,0,0,0,0,0,False
W-001728,0,0,0,0,0,0,0,0,0,False
W-001729,0,0,0,0,0,0,0,0,0,False
W-001730,1,0,0,0,0,0,0,0,1,True
W-001731,0,0,0,0,0,0,0,1,1,True
W-001732,1,0,0,0,0,0,0,0,1,True
W-001733,0,0,0,0,0,0,0,1,1,True
W-001734,0,0,0,0,0,0,0,0,0,False
W-001735,1,0,0,0,0,0,0,0,1,True
W-001736,0,0,0,0,0,0,0,0,0,False
W-001737,0,0,0,0,0,0,0,0,0,False
W-001738,0,0,0,0,0,0,0,0,0,False
W-001739,1,0,0,0,0,0,0,1,2,True
W-001740,0,0,0,0,0,0,0,0,0,False
W-001741,0,0,0,0,0,0,0,1,1,True
W-001742,1,0,0,0,0,0,0,0,1,True
W-001743,0,0,0,0,0,0,0,0,0,False
W-001744,0,0,0,0,0,0,0,0,0,False
W-001745,0,0,0,0,0,0,0,0,0,False
W-001746,0,0,0,0,0,0,0,1,1,True
W-001747,1,0,0,0,0,0,0,0,1,True
W-001748,0,0,0,0,0,0,0,0,0,False
W-001749,0,0,0,0,0,0,0,0,0,False
W-001750,0,0,0,0,0,0,0,0,0,False
W-001751,0,0,0,0,0,0,0,0,0,False
W-001752,0,0,0,0,0,0,0,0,0,False
W-001753,0,0,0,0,0,0,0,1,1,True
W-001754,1,0,0,0,0,0,0,0,1,True
W-001755,1,0,0,0,0,0,0,0,1,True
W-001756,0,0,0,0,0,0,0,1,1,True
W-001757,0,0,0,0,0,0,0,1,1,True
W-001758,0,0,0,0,0,0,0,0,0,False
W-001759,0,0,0,0,0,0,0,1,1,True
W-001760,0,0,0,0,0,0,0,1,1,True
W-001761,1,0,0,0,0,0,0,1,2,True
W-001762,0,0,0,0,0,0,0,1,1,True
W-001763,0,0,0,0,0,0,0,0,0,False
W-001764,0,0,0,0,0,0,0,0,0,False
W-001765,0,0,0,0,0,0,0,1,1,True
W-001766,1,0,0,0,0,0,0,0,1,True
W-001767,0,0,0,0,0,0,0,1,1,True
W-001768,0,0,0,0,0,0,0,0,0,False
W-001769,0,0,0,0,0,0,0,1,1,True
W-001770,0,0,0,0,0,0,0,1,1,True
W-001771,2,0,0,0,0,0,0,1,3,True
W-001772,0,0,0,0,0,0,0,0,0,False
W-001773,0,0,0,0,0,0,0,1,1,True
W-001774,0,0,0,0,0,0,0,1,1,True
W-001775,0,0,0,0,0,0,0,1,1,True
W-001776,1,0,0,0,0,0,0,1,2,True
W-001777,2,0,0,0,0,0,0,1,3,True
W-001778,0,0,0,0,0,0,0,0,0,False
W-001779,0,0,0,0,0,0,0,1,1,True
W-001780,1,0,0,0,0,0,0,0,1,True
W-001781,1,0,0,0,0,0,0,0,1,True
W-001782,0,0,0,0,0,0,0,0,0,False
W-001783,0,0,0,0,0,0,0,1,1,True
W-001784,0,0,0,0,0,0,0,1,1,True
W-001785,0,0,0,0,0,0,0,1,1,True
W-001786,0,0,0,0,0,0,0,0,0,False
W-001787,1,0,0,0,0,0,0,0,1,True
W-001788,1,0,0,0,0,0,0,1,2,True
W-001789,0,0,0,0,0,0,0,0,0,False
W-001790,0,0,0,0,0,0,0,0,0,False
W-001791,0,0,0,0,0,0,0,0,0,False
W-001792,0,0,0,0,0,0,0,0,0,False
W-001793,0,0,0,0,0,0,0,0,0,False
W-001794,0,0,0,0,0,0,0,1,1,True
W-001795,1,0,0,0,0,0,0,0,1,True
W-001796,0,0,0,0,0,0,0,1,1,True
W-001797,0,0,0,0,0,0,0,0,0,False
W-001798,0,0,0,0,0,0,0,0,0,False
W-001799,1,0,0,0,0,0,0,0,1,True
W-001800,1,0,0,0,0,0,0,1,2,True
W-001801,0,0,0,0,0,0,0,0,0,False
W-001802,0,0,0,0,0,0,0,0,0,False
W-001803,1,0,0,0,0,0,0,1,2,True
W-001804,0,0,0,0,0,0,0,1,1,True
W-001805,0,0,0,0,0,0,0,0,0,False
W-001806,0,0,0,0,0,0,0,0,0,False
W-001807,0,0,0,0,0,0,0,0,0,False
W-001808,1,0,0,0,0,0,0,0,1,True
W-001809,0,0,0,0,0,0,0,1,1,True
W-001810,0,0,0,0,0,0,0,0,0,False
W-001811,0,0,0,0,0,0,0,0,0,False
W-001812,0,0,0,0,0,0,0,1,1,True
W-001813,1,0,0,0,0,0,0,0,1,True
W-001814,0,0,0,0,0,0,0,1,1,True
W-001815,0,0,0,0,0,0,0,1,1,True
W-001816,0,0,0,0,0,0,0,1,1,True
W-001817,1,0,0,0,0,0,0,1,2,True
W-001818,0,0,0,0,0,0,0,1,1,True
W-001819,0,0,0,0,0,0,0,1,1,True
W-001820,1,0,0,0,0,0,0,0,1,True
W-001821,0,0,0,0,0,0,0,0,0,False
W-001822,0,0,0,0,0,0,0,0,0,False
W-001823,0,0,0,0,0,0,0,0,0,False
W-001824,0,0,0,0,0,0,0,1,1,True
W-001825,1,0,0,0,0,0,0,1,2,True
W-001826,0,0,0,0,0,0,0,0,0,False
W-001827,0,0,0,0,0,0,0,0,0,False
W-001828,0,0,0,0,0,0,0,0,0,False
W-001829,0,0,0,0,0,0,0,0,0,False
W-001830,0,0,0,0,0,0,0,0,0,False
W-001831,0,0,0,0,0,0,0,1,1,True
W-001832,0,0,0,0,0,0,0,0,0,False
W-001833,0,0,0,0,0,0,0,1,1,True
W-001834,0,0,0,0,0,0,0,0,0,False
W-001835,0,0,0,0,0,0,0,0,0,False
W-001836,0,0,0,0,0,0,0,0,0,False
W-001837,0,0,0,0,0,0,0,0,0,False
W-001838,0,0,0,0,0,0,0,1,1,True
W-001839,0,0,0,0,0,0,0,0,0,False
W-001840,0,0,0,0,0,0,0,0,0,False
W-001841,2,0,0,0,0,0,0,0,2,True
W-001842,0,0,0,0,0,0,0,1,1,True
W-001843,1,0,0,0,0,0,0,0,1,True
W-001844,0,0,0,0,0,0,0,0,0,False
W-001845,0,0,0,0,0,0,0,0,0,False
W-001846,0,0,0,0,0,0,0,0,0,False
W-001847,1,0,0,0,0,0,0,1,2,True
W-001848,0,0,0,0,0,0,0,0,0,False
W-001849,0,0,0,0,0,0,0,0,0,False
W-001850,0,0,0,0,0,0,0,0,0,False
W-001851,0,0,0,0,0,0,0,0,0,False
W-001852,0,0,0,0,0,0,0,0,0,False
W-001853,0,0,0,0,0,0,0,1,1,True
W-001854,0,0,0,0,0,0,0,1,1,True
W-001855,0,0,0,0,0,0,0,1,1,True
W-001856,0,0,0,0,0,0,0,0,0,False
W-001857,0,0,0,0,0,0,0,1,1,True
W-001858,1,0,0,0,0,0,0,0,1,True
W-001859,0,0,0,0,0,0,0,0,0,False
W-001860,0,0,0,0,0,0,0,0,0,False
W-001861,0,0,0,0,0,0,0,1,1,True
W-001862,1,0,0,0,0,0,0,0,1,True
W-001863,0,0,0,0,0,0,0,0,0,False
W-001864,0,0,0,0,0,0,0,0,0,False
W-001865,0,0,0,0,0,0,0,0,0,False
W-001866,0,0,0,0,0,0,0,1,1,True
W-001867,0,0,0,0,0,0,0,0,0,False
W-001868,0,0,0,0,0,0,0,0,0,False
W-001869,1,0,0,0,0,0,0,1,2,True
W-001870,0,0,0,0,0,0,0,0,0,False
W-001871,0,0,0,0,0,0,0,0,0,False
W-001872,2,0,0,0,0,0,0,1,3,True
W-001873,0,0,0,0,0,0,0,1,1,True
W-001874,0,0,0,0,0,0,0,1,1,True
W-001875,0,0,0,0,0,0,0,0,0,False
W-001876,0,0,0,0,0,0,0,1,1,True
W-001877,0,0,0,0,0,0,0,0,0,False
W-001878,1,0,0,0,0,0,0,0,1,True
W-001879,0,0,0,0,0,0,0,0,0,False
W-001880,0,0,0,0,0,0,0,0,0,False
W-001881,1,0,0,0,0,0,0,0,1,True
W-001882,0,0,0,0,0,0,0,0,0,False
W-001883,1,0,0,0,0,0,0,1,2,True
W-001884,0,0,0,0,0,0,0,0,0,False
W-001885,0,0,0,0,0,0,0,0,0,False
W-001886,0,0,0,0,0,0,0,0,0,False
W-001887,2,0,0,0,0,0,0,0,2,True
W-001888,0,0,0,0,0,0,0,0,0,False
W-001889,1,0,0,0,0,0,0,0,1,True
W-001890,0,0,0,0,0,0,0,0,0,False
W-001891,1,0,0,0,0,0,0,0,1,True
W-001892,0,0,0,0,0,0,0,0,0,False
W-001893,0,0,0,0,0,0,0,0,0,False
W-001894,0,0,0,0,0,0,0,0,0,False
W-001895,0,0,0,0,0,0,0,0,0,False
W-001896,0,0,0,0,0,0,0,1,1,True
W-001897,1,0,0,0,0,0,0,0,1,True
W-001898,0,0,0,0,0,0,0,0,0,False
W-001899,0,0,0,0,0,0,0,1,1,True
W-001900,0,0,0,0,0,0,0,1,1,True
W-001901,0,0,0,0,0,0,0,0,0,False
W-001902,0,0,0,0,0,0,0,0,0,False
W-001903,0,0,0,0,0,0,0,1,1,True
W-001904,0,0,0,0,0,0,0,0,0,False
W-001905,0,0,0,0,0,0,0,1,1,True
W-001906,0,0,0,0,0,0,0,0,0,False
W-001907,0,0,0,0,0,0,0,1,1,True
W-001908,0,0,0,0,0,0,0,0,0,False
W-001909,0,0,0,0,0,0,0,1,1,True
W-001910,0,0,0,0,0,0,0,0,0,False
W-001911,2,0,0,0,0,0,0,1,3,True
W-001912,0,0,0,0,0,0,0,0,0,False
W-001913,1,0,0,0,0,0,0,1,2,True
W-001914,0,0,0,0,0,0,0,0,0,False
W-001915,0,0,0,0,0,0,0,0,0,False
W-001916,1,0,0,0,0,0,0,0,1,True
W-001917,0,0,0,0,0,0,0,0,0,False
W-001918,0,0,0,0,0,0,0,0,0,False
W-001919,0,0,0,0,0,0,0,1,1,True
W-001920,1,0,0,0,0,0,0,1,2,True
W-001921,1,0,0,0,0,0,0,1,2,True
W-001922,0,0,0,0,0,0,0,0,0,False
W-001923,0,0,0,0,0,0,0,0,0,False
W-001924,0,0,0,0,0,0,0,1,1,True
W-001925,0,0,0,0,0,0,0,0,0,False
W-001926,1,0,0,0,0,0,0,1,2,True
W-001927,0,0,0,0,0,0,0,1,1,True
W-001928,0,0,0,0,0,0,0,0,0,False
W-001929,1,0,0,0,0,0,0,0,1,True
W-001930,0,0,0,0,0,0,0,0,0,False
W-001931,0,0,0,0,0,0,0,0,0,False
W-001932,0,0,0,0,0,0,0,1,1,True
W-001933,0,0,0,0,0,0,0,0,0,False
W-001934,2,0,0,0,0,0,0,1,3,True
W-001935,0,0,0,0,0,0,0,1,1,True
W-001936,0,0,0,0,0,0,0,1,1,True
W-001937,0,0,0,0,0,0,0,1,1,True
W-001938,0,0,0,0,0,0,0,0,0,False
W-001939,0,0,0,0,0,0,0,0,0,False
W-001940,0,0,0,0,0,0,0,0,0,False
W-001941,0,0,0,0,0,0,0,0,0,False
W-001942,0,0,0,0,0,0,0,0,0,False
W-001943,1,0,0,0,0,0,0,0,1,True
W-001944,0,0,0,0,0,0,0,1,1,True
W-001945,3,0,0,0,0,0,0,0,3,True
W-001946,0,0,0,0,0,0,0,0,0,False
W-001947,1,0,0,0,0,0,0,0,1,True
W-001948,0,0,0,0,0,0,0,0,0,False
W-001949,0,0,0,0,0,0,0,0,0,False
W-001950,0,0,0,0,0,0,0,0,0,False
W-001951,0,0,0,0,0,0,0,1,1,True
W-001952,0,0,0,0,0,0,0,0,0,False
W-001953,1,0,0,0,0,0,0,1,2,True
W-001954,1,0,0,0,0,0,0,0,1,True
W-001955,0,0,0,0,0,0,0,1,1,True
W-001956,1,0,0,0,0,0,0,0,1,True
W-001957,0,0,0,0,0,0,0,1,1,True
W-001958,0,0,0,0,0,0,0,0,0,False
W-001959,1,0,0,0,0,0,0,1,2,True
W-001960,1,0,0,0,0,0,0,0,1,True
W-001961,1,0,0,0,0,0,0,1,2,True
W-001962,0,0,0,0,0,0,0,0,0,False
W-001963,0,0,0,0,0,0,0,1,1,True
W-001964,0,0,0,0,0,0,0,0,0,False
W-001965,0,0,0,0,0,0,0,0,0,False
W-001966,0,0,0,0,0,0,0,1,1,True
W-001967,0,0,0,0,0,0,0,0,0,False
W-001968,0,0,0,0,0,0,0,0,0,False
W-001969,0,0,0,0,0,0,0,0,0,False
W-001970,0,0,0,0,0,0,0,0,0,False
W-001971,0,0,0,0,0,0,0,1,1,True
W-001972,0,0,0,0,0,0,0,0,0,False
W-001973,0,0,0,0,0,0,0,0,0,False
W-001974,1,0,0,0,0,0,0,0,1,True
W-001975,1,0,0,0,0,0,0,1,2,True
W-001976,0,0,0,0,0,0,0,0,0,False
W-001977,1,0,0,0,0,0,0,1,2,True
W-001978,1,0,0,0,0,0,0,1,2,True
W-001979,1,0,0,0,0,0,0,1,2,True
W-001980,0,0,0,0,0,0,0,0,0,False
W-001981,0,0,0,0,0,0,0,0,0,False
W-001982,0,0,0,0,0,0,0,0,0,False
W-001983,1,0,0,0,0,0,0,0,1,True
W-001984,0,0,0,0,0,0,0,1,1,True
W-001985,0,0,0,0,0,0,0,0,0,False
W-001986,0,0,0,0,0,0,0,0,0,False
W-001987,0,0,0,0,0,0,0,1,1,True
W-001988,0,0,0,0,0,0,0,1,1,True
W-001989,0,0,0,0,0,0,0,0,0,False
W-001990,0,0,0,0,0,0,0,1,1,True
W-001991,0,0,0,0,0,0,0,1,1,True
W-001992,0,0,0,0,0,0,0,1,1,True
W-001993,0,0,0,0,0,0,0,1,1,True
W-001994,0,0,0,0,0,0,0,0,0,False
W-001995,0,0,0,0,0,0,0,1,1,True
W-001996,0,0,0,0,0,0,0,0,0,False
W-001997,0,0,0,0,0,0,0,1,1,True
W-001998,0,0,0,0,0,0,0,1,1,True
W-001999,0,0,0,0,0,0,0,0,0,False
W-002000,1,0,0,0,0,0,0,0,1,True
W-002001,0,0,0,0,0,0,0,0,0,False
W-002002,1,0,0,0,0,0,0,1,2,True
W-002003,1,0,0,0,0,0,0,0,1,True
W-002004,0,0,0,0,0,0,0,0,0,False
W-002005,1,0,0,0,0,0,0,1,2,True
W-002006,0,0,0,0,0,0,0,1,1,True
W-002007,0,0,0,0,0,0,0,0,0,False
W-002008,0,0,0,0,0,0,0,0,0,False
W-002009,0,0,0,0,0,0,0,0,0,False
W-002010,0,0,0,0,0,0,0,0,0,False
W-002011,1,0,0,0,0,0,0,1,2,True
W-002012,1,0,0,0,0,0,0,0,1,True
W-002013,0,0,0,0,0,0,0,0,0,False
W-002014,0,0,0,0,0,0,0,1,1,True
W-002015,0,0,0,0,0,0,0,1,1,True
W-002016,0,0,0,0,0,0,0,0,0,False
W-002017,0,0,0,0,0,0,0,0,0,False
W-002018,0,0,0,0,0,0,0,0,0,False
W-002019,0,0,0,0,0,0,0,0,0,False
W-002020,0,0,0,0,0,0,0,0,0,False
W-002021,0,0,0,0,0,0,0,0,0,False
W-002022,0,0,0,0,0,0,0,0,0,False
W-002023,0,0,0,0,0,0,0,1,1,True
W-002024,0,0,0,0,0,0,0,0,0,False
W-002025,1,0,0,0,0,0,0,0,1,True
W-002026,0,0,0,0,0,0,0,1,1,True
W-002027,1,0,0,0,0,0,0,1,2,True
W-002028,1,0,0,0,0,0,0,0,1,True
W-002029,1,0,0,0,0,0,0,0,1,True
W-002030,0,0,0,0,0,0,0,1,1,True
W-002031,1,0,0,0,0,0,0,0,1,True
W-002032,2,0,0,0,0,0,0,1,3,True
W-002033,0,0,0,0,0,0,0,0,0,False
W-002034,0,0,0,0,0,0,0,0,0,False
W-002035,0,0,0,0,0,0,0,1,1,True
W-002036,0,0,0,0,0,0,0,0,0,False
W-002037,0,0,0,0,0,0,0,1,1,True
W-002038,0,0,0,0,0,0,0,0,0,False
W-002039,0,0,0,0,0,0,0,0,0,False
W-002040,0,0,0,0,0,0,0,0,0,False
W-002041,0,0,0,0,0,0,0,1,1,True
W-002042,1,0,0,0,0,0,0,0,1,True
W-002043,0,0,0,0,0,0,0,0,0,False
W-002044,0,0,0,0,0,0,0,0,0,False
W-002045,0,0,0,0,0,0,0,0,0,False
W-002046,0,0,0,0,0,0,0,0,0,False
W-002047,1,0,0,0,0,0,0,0,1,True
W-002048,0,0,0,0,0,0,0,0,0,False
W-002049,0,0,0,0,0,0,0,0,0,False
W-002050,1,0,0,0,0,0,0,0,1,True
W-002051,0,0,0,0,0,0,0,0,0,False
W-002052,0,0,0,0,0,0,0,0,0,False
W-002053,0,0,0,0,0,0,0,0,0,False
W-002054,1,0,0,0,0,0,0,0,1,True
W-002055,0,0,0,0,0,0,0,0,0,False
W-002056,1,0,0,0,0,0,0,0,1,True
W-002057,0,0,0,0,0,0,0,0,0,False
W-002058,0,0,0,0,0,0,0,1,1,True
W-002059,1,0,0,0,0,0,0,1,2,True
W-002060,0,0,0,0,0,0,0,0,0,False
W-002061,1,0,0,0,0,0,0,1,2,True
W-002062,0,0,0,0,0,0,0,1,1,True
W-002063,1,0,0,0,0,0,0,0,1,True
W-002064,0,0,0,0,0,0,0,1,1,True
W-002065,0,0,0,0,0,0,0,0,0,False
W-002066,1,0,0,0,0,0,0,0,1,True
W-002067,1,0,0,0,0,0,0,0,1,True
W-002068,1,0,0,0,0,0,0,1,2,True
W-002069,0,0,0,0,0,0,0,1,1,True
W-002070,0,0,0,0,0,0,0,0,0,False
W-002071,0,0,0,0,0,0,0,1,1,True
W-002072,0,0,0,0,0,0,0,1,1,True
W-002073,0,0,0,0,0,0,0,1,1,True
W-002074,0,0,0,0,0,0,0,0,0,False
W-002075,1,0,0,0,0,0,0,0,1,True
W-002076,0,0,0,0,0,0,0,0,0,False
W-002077,0,0,0,0,0,0,0,0,0,False
W-002078,0,0,0,0,0,0,0,0,0,False
W-002079,0,0,0,0,0,0,0,0,0,False
W-002080,0,0,0,0,0,0,0,0,0,False
W-002081,1,0,0,0,0,0,0,1,2,True
W-002082,0,0,0,0,0,0,0,1,1,True
W-002083,0,0,0,0,0,0,0,0,0,False
W-002084,0,0,0,0,0,0,0,1,1,True
W-002085,0,0,0,0,0,0,0,1,1,True
W-002086,0,0,0,0,0,0,0,1,1,True
W-002087,0,0,0,0,0,0,0,0,0,False
W-002088,0,0,0,0,0,0,0,0,0,False
W-002089,0,0,0,0,0,0,0,1,1,True
W-002090,1,0,0,0,0,0,0,1,2,True
W-002091,0,0,0,0,0,0,0,0,0,False
W-002092,0,0,0,0,0,0,0,0,0,False
W-002093,0,0,0,0,0,0,0,1,1,True
W-002094,0,0,0,0,0,0,0,1,1,True
W-002095,0,0,0,0,0,0,0,0,0,False
W-002096,0,0,0,0,0,0,0,1,1,True
W-002097,1,0,0,0,0,0,0,0,1,True
W-002098,1,0,0,0,0,0,0,0,1,True
W-002099,0,0,0,0,0,0,0,0,0,False
W-002100,0,0,0,0,0,0,0,0,0,False
W-002101,0,0,0,0,0,0,0,0,0,False
W-002102,0,0,0,0,0,0,0,1,1,True
W-002103,0,0,0,0,0,0,0,0,0,False
W-002104,0,0,0,0,0,0,0,0,0,False
W-002105,0,0,0,0,0,0,0,0,0,False
W-002106,0,0,0,0,0,0,0,1,1,True
W-002107,0,0,0,0,0,0,0,1,1,True
W-002108,0,0,0,0,0,0,0,0,0,False
W-002109,0,0,0,0,0,0,0,0,0,False
W-002110,0,0,0,0,0,0,0,1,1,True
W-002111,0,0,0,0,0,0,0,1,1,True
W-002112,0,0,0,0,0,0,0,0,0,False
W-002113,0,0,0,0,0,0,0,1,1,True
W-002114,0,0,0,0,0,0,0,0,0,False
W-002115,1,0,0,0,0,0,0,0,1,True
W-002116,0,0,0,0,0,0,0,0,0,False
W-002117,2,0,0,0,0,0,0,0,2,True
W-002118,0,0,0,0,0,0,0,1,1,True
W-002119,0,0,0,0,0,0,0,1,1,True
W-002120,0,0,0,0,0,0,0,1,1,True
W-002121,0,0,0,0,0,0,0,0,0,False
W-002122,0,0,0,0,0,0,0,1,1,True
W-002123,0,0,0,0,0,0,0,0,0,False
W-002124,0,0,0,0,0,0,0,0,0,False
W-002125,0,0,0,0,0,0,0,0,0,False
W-002126,0,0,0,0,0,0,0,0,0,False
W-002127,1,0,0,0,0,0,0,0,1,True
W-002128,0,0,0,0,0,0,0,1,1,True
W-002129,0,0,0,0,0,0,0,1,1,True
W-002130,0,0,0,0,0,0,0,0,0,False
W-002131,0,0,0,0,0,0,0,0,0,False
W-002132,0,0,0,0,0,0,0,0,0,False
W-002133,0,0,0,0,0,0,0,1,1,True
W-002134,0,0,0,0,0,0,0,1,1,True
W-002135,3,0,0,0,0,0,0,1,4,True
W-002136,1,0,0,0,0,0,0,1,2,True
W-002137,2,0,0,0,0,0,0,0,2,True
W-002138,1,0,0,0,0,0,0,1,2,True
W-002139,0,0,0,0,0,0,0,0,0,False
W-002140,0,0,0,0,0,0,0,0,0,False
W-002141,1,0,0,0,0,0,0,1,2,True
W-002142,0,0,0,0,0,0,0,0,0,False
W-002143,0,0,0,0,0,0,0,1,1,True
W-002144,1,0,0,0,0,0,0,1,2,True
W-002145,0,0,0,0,0,0,0,0,0,False
W-002146,0,0,0,0,0,0,0,0,0,False
W-002147,0,0,0,0,0,0,0,1,1,True
W-002148,0,0,0,0,0,0,0,0,0,False
W-002149,0,0,0,0,0,0,0,0,0,False
W-002150,0,0,0,0,0,0,0,0,0,False
W-002151,0,0,0,0,0,0,0,0,0,False
W-002152,0,0,0,0,0,0,0,0,0,False
W-002153,0,0,0,0,0,0,0,1,1,True
W-002154,0,0,0,0,0,0,0,0,0,False
W-002155,0,0,0,0,0,0,0,0,0,False
W-002156,0,0,0,0,0,0,0,1,1,True
W-002157,0,0,0,0,0,0,0,0,0,False
W-002158,0,0,0,0,0,0,0,0,0,False
W-002159,0,0,0,0,0,0,0,1,1,True
W-002160,0,0,0,0,0,0,0,1,1,True
W-002161,0,0,0,0,0,0,0,1,1,True
W-002162,0,0,0,0,0,0,0,0,0,False
W-002163,1,0,0,0,0,0,0,1,2,True
W-002164,0,0,0,0,0,0,0,0,0,False
W-002165,1,0,0,0,0,0,0,0,1,True
W-002166,0,0,0,0,0,0,0,0,0,False
W-002167,1,0,0,0,0,0,0,1,2,True
W-002168,1,0,0,0,0,0,0,0,1,True
W-002169,0,0,0,0,0,0,0,1,1,True
W-002170,0,0,0,0,0,0,0,1,1,True
W-002171,0,0,0,0,0,0,0,1,1,True
W-002172,0,0,0,0,0,0,0,0,0,False
W-002173,0,0,0,0,0,0,0,0,0,False
W-002174,0,0,0,0,0,0,0,0,0,False
W-002175,0,0,0,0,0,0,0,0,0,False
W-002176,0,0,0,0,0,0,0,0,0,False
W-002177,1,0,0,0,0,0,0,1,2,True
W-002178,0,0,0,0,0,0,0,1,1,True
W-002179,0,0,0,0,0,0,0,0,0,False
W-002180,1,0,0,0,0,0,0,0,1,True
W-002181,0,0,0,0,0,0,0,1,1,True
W-002182,0,0,0,0,0,0,0,1,1,True
W-002183,0,0,0,0,0,0,0,0,0,False
W-002184,0,0,0,0,0,0,0,0,0,False
W-002185,0,0,0,0,0,0,0,0,0,False
W-002186,0,0,0,0,0,0,0,1,1,True
W-002187,0,0,0,0,0,0,0,0,0,False
W-002188,0,0,0,0,0,0,0,0,0,False
W-002189,0,0,0,0,0,0,0,0,0,False
W-002190,0,0,0,0,0,0,0,1,1,True
W-002191,0,0,0,0,0,0,0,0,0,False
W-002192,1,0,0,0,0,0,0,0,1,True
W-002193,0,0,0,0,0,0,0,0,0,False
W-002194,0,0,0,0,0,0,0,0,0,False
W-002195,0,0,0,0,0,0,0,0,0,False
W-002196,0,0,0,0,0,0,0,1,1,True
W-002197,0,0,0,0,0,0,0,0,0,False
W-002198,0,0,0,0,0,0,0,0,0,False
W-002199,1,0,0,0,0,0,0,0,1,True
W-002200,1,0,0,0,0,0,0,0,1,True
W-002201,1,0,0,0,0,0,0,0,1,True
W-002202,0,0,0,0,0,0,0,0,0,False
W-002203,1,0,0,0,0,0,0,1,2,True
W-002204,0,0,0,0,0,0,0,0,0,False
W-002205,0,0,0,0,0,0,0,1,1,True
W-002206,1,0,0,0,0,0,0,0,1,True
W-002207,0,0,0,0,0,0,0,1,1,True
W-002208,0,0,0,0,0,0,0,0,0,False
W-002209,0,0,0,0,0,0,0,1,1,True
W-002210,1,0,0,0,0,0,0,0,1,True
W-002211,0,0,0,0,0,0,0,0,0,False
W-002212,0,0,0,0,0,0,0,0,0,False
W-002213,0,0,0,0,0,0,0,1,1,True
W-002214,0,0,0,0,0,0,0,0,0,False
W-002215,1,0,0,0,0,0,0,0,1,True
W-002216,0,0,0,0,0,0,0,0,0,False
W-002217,1,0,0,0,0,0,0,0,1,True
W-002218,1,0,0,0,0,0,0,0,1,True
W-002219,0,0,0,0,0,0,0,0,0,False
W-002220,0,0,0,0,0,0,0,0,0,False
W-002221,0,0,0,0,0,0,0,0,0,False
W-002222,0,0,0,0,0,0,0,0,0,False
W-002223,0,0,0,0,0,0,0,1,1,True
W-002224,0,0,0,0,0,0,0,0,0,False
W-002225,0,0,0,0,0,0,0,0,0,False
W-002226,0,0,0,0,0,0,0,1,1,True
W-002227,0,0,0,0,0,0,0,0,0,False
W-002228,0,0,0,0,0,0,0,0,0,False
W-002229,0,0,0,0,0,0,0,0,0,False
W-002230,0,0,0,0,0,0,0,0,0,False
W-002231,0,0,0,0,0,0,0,0,0,False
W-002232,0,0,0,0,0,0,0,1,1,True
W-002233,0,0,0,0,0,0,0,1,1,True
W-002234,0,0,0,0,0,0,0,0,0,False
W-002235,1,0,0,0,0,0,0,1,2,True
W-002236,0,0,0,0,0,0,0,1,1,True
W-002237,1,0,0,0,0,0,0,0,1,True
W-002238,1,0,0,0,0,0,0,1,2,True
W-002239,1,0,0,0,0,0,0,0,1,True
W-002240,0,0,0,0,0,0,0,1,1,True
W-002241,0,0,0,0,0,0,0,0,0,False
W-002242,1,0,0,0,0,0,0,0,1,True
W-002243,0,0,0,0,0,0,0,1,1,True
W-002244,0,0,0,0,0,0,0,1,1,True
W-002245,0,0,0,0,0,0,0,0,0,False
W-002246,0,0,0,0,0,0,0,1,1,True
W-002247,0,0,0,0,0,0,0,0,0,False
W-002248,0,0,0,0,0,0,0,1,1,True
W-002249,0,0,0,0,0,0,0,0,0,False
W-002250,0,0,0,0,0,0,0,0,0,False
W-002251,1,0,0,0,0,0,0,0,1,True
W-002252,0,0,0,0,0,0,0,0,0,False
W-002253,0,0,0,0,0,0,0,1,1,True
W-002254,0,0,0,0,0,0,0,0,0,False
W-002255,0,0,0,0,0,0,0,1,1,True
W-002256,0,0,0,0,0,0,0,0,0,False
W-002257,0,0,0,0,0,0,0,1,1,True
W-002258,0,0,0,0,0,0,0,0,0,False
W-002259,0,0,0,0,0,0,0,1,1,True
W-002260,0,0,0,0,0,0,0,0,0,False
W-002261,0,0,0,0,0,0,0,0,0,False
W-002262,0,0,0,0,0,0,0,0,0,False
W-002263,0,0,0,0,0,0,0,1,1,True
W-002264,2,0,0,0,0,0,0,0,2,True
W-002265,0,0,0,0,0,0,0,1,1,True
W-002266,1,0,0,0,0,0,0,1,2,True
W-002267,0,0,0,1,0,0,0,0,1,True
W-002268,1,0,0,0,0,0,0,1,2,True
W-002269,0,0,0,0,0,0,0,1,1,True
W-002270,0,0,0,0,0,0,0,0,0,False
W-002271,1,0,0,0,0,0,0,0,1,True
W-002272,0,0,0,0,0,0,0,0,0,False
W-002273,0,0,0,0,0,0,0,1,1,True
W-002274,0,0,0,0,0,0,0,1,1,True
W-002275,0,0,0,0,0,0,0,1,1,True
W-002276,0,0,0,0,0,0,0,1,1,True
W-002277,1,0,0,0,0,0,0,0,1,True
W-002278,0,0,0,0,0,0,0,1,1,True
W-002279,0,0,0,0,0,0,0,1,1,True
W-002280,0,0,0,0,0,0,0,0,0,False
W-002281,1,0,0,0,0,0,0,0,1,True
W-002282,0,0,0,0,0,0,0,1,1,True
W-002283,0,0,0,0,0,0,0,0,0,False
W-002284,0,0,0,0,0,0,0,1,1,True
W-002285,1,0,0,0,0,0,0,1,2,True
W-002286,0,0,0,0,0,0,0,0,0,False
W-002287,0,0,0,0,0,0,0,0,0,False
W-002288,0,0,0,0,0,0,0,0,0,False
W-002289,0,0,0,0,0,0,0,1,1,True
W-002290,1,0,0,0,0,0,0,0,1,True
W-002291,1,0,0,0,0,0,0,0,1,True
W-002292,0,0,0,0,0,0,0,0,0,False
W-002293,0,0,0,0,0,0,0,0,0,False
W-002294,0,0,0,0,0,0,0,0,0,False
W-002295,0,0,0,0,0,0,0,1,1,True
W-002296,0,0,0,0,0,0,0,1,1,True
W-002297,0,0,0,0,0,0,0,1,1,True
W-002298,0,0,0,0,0,0,0,0,0,False
W-002299,0,0,0,0,0,0,0,1,1,True
W-002300,0,0,0,0,0,0,0,0,0,False
W-002301,0,0,0,0,0,0,0,0,0,False
W-002302,0,0,0,0,0,0,0,1,1,True
W-002303,1,0,0,0,0,0,0,1,2,True
W-002304,0,0,0,0,0,0,0,1,1,True
W-002305,0,0,0,0,0,0,0,0,0,False
W-002306,1,0,0,0,0,0,0,1,2,True
W-002307,0,0,0,0,0,0,0,0,0,False
W-002308,0,0,0,0,0,0,0,0,0,False
W-002309,1,0,0,0,0,0,0,1,2,True
W-002310,0,0,0,0,0,0,0,1,1,True
W-002311,0,0,0,0,0,0,0,1,1,True
W-002312,1,0,0,0,0,0,0,0,1,True
W-002313,0,0,0,0,0,0,0,0,0,False
W-002314,0,0,0,0,0,0,0,1,1,True
W-002315,0,0,0,0,0,0,0,1,1,True
W-002316,0,0,0,0,0,0,0,1,1,True
W-002317,0,0,0,0,0,0,0,1,1,True
W-002318,0,0,0,0,0,0,0,1,1,True
W-002319,0,0,0,0,0,0,0,0,0,False
W-002320,0,0,0,0,0,0,0,0,0,False
W-002321,1,0,0,0,0,0,0,0,1,True
W-002322,1,0,0,0,0,0,0,1,2,True
W-002323,0,0,0,0,0,0,0,1,1,True
W-002324,0,0,0,0,0,0,0,0,0,False
W-002325,0,0,0,0,0,0,0,1,1,True
W-002326,1,0,0,0,0,0,0,1,2,True
W-002327,0,0,0,0,0,0,0,0,0,False
W-002328,0,0,0,0,0,0,0,0,0,False
W-002329,0,0,0,0,0,0,0,0,0,False
W-002330,1,0,0,0,0,0,0,0,1,True
W-002331,0,0,0,0,0,0,0,0,0,False
W-002332,0,0,0,0,0,0,0,1,1,True
W-002333,1,0,0,0,0,0,0,1,2,True
W-002334,1,0,0,0,0,0,0,1,2,True
W-002335,0,0,0,0,0,0,0,1,1,True
W-002336,0,0,0,0,0,0,0,1,1,True
W-002337,0,0,0,0,0,0,0,0,0,False
W-002338,0,0,0,0,0,0,0,0,0,False
W-002339,0,0,0,0,0,0,0,0,0,False
W-002340,1,0,0,0,0,0,0,0,1,True
W-002341,0,0,0,0,0,0,0,1,1,True
W-002342,0,0,0,0,0,0,0,0,0,False
W-002343,0,0,0,0,0,0,0,1,1,True
W-002344,0,0,0,0,0,0,0,1,1,True
W-002345,1,0,0,0,0,0,0,1,2,True
W-002346,0,0,0,0,0,0,0,0,0,False
W-002347,0,0,0,0,0,0,0,0,0,False
W-002348,1,0,0,0,0,0,0,0,1,True
W-002349,0,0,0,0,0,0,0,1,1,True
W-002350,0,0,0,0,0,0,0,1,1,True
W-002351,1,0,0,0,0,0,0,0,1,True
W-002352,1,0,0,0,0,0,0,1,2,True
W-002353,0,0,0,0,0,0,0,0,0,False
W-002354,0,0,0,0,0,0,0,0,0,False
W-002355,0,0,0,0,0,0,0,1,1,True
W-002356,1,0,0,0,0,0,0,0,1,True
W-002357,0,0,0,0,0,0,0,0,0,False
W-002358,1,0,0,0,0,0,0,1,2,True
W-002359,1,0,0,0,0,0,0,1,2,True
W-002360,0,0,0,0,0,0,0,0,0,False
W-002361,0,0,0,0,0,0,0,0,0,False
W-002362,0,0,0,0,0,0,0,0,0,False
W-002363,0,0,0,0,0,0,0,0,0,False
W-002364,0,0,0,0,0,0,0,0,0,False
W-002365,0,0,0,0,0,0,0,1,1,True
W-002366,0,0,0,0,0,0,0,1,1,True
W-002367,0,0,0,0,0,0,0,1,1,True
W-002368,3,0,0,0,0,0,0,1,4,True
W-002369,0,0,0,0,0,0,0,1,1,True
W-002370,0,0,0,0,0,0,0,0,0,False
W-002371,0,0,0,0,0,0,0,1,1,True
W-002372,0,0,0,0,0,0,0,0,0,False
W-002373,0,0,0,0,0,0,0,0,0,False
W-002374,0,0,0,0,0,0,0,0,0,False
W-002375,1,0,0,0,0,0,0,1,2,True
W-002376,0,0,0,0,0,0,0,0,0,False
W-002377,0,0,0,0,0,0,0,1,1,True
W-002378,1,0,0,0,0,0,0,0,1,True
W-002379,0,0,0,0,0,0,0,0,0,False
W-002380,0,0,0,0,0,0,0,0,0,False
W-002381,0,0,0,0,0,0,0,0,0,False
W-002382,1,0,0,0,0,0,0,0,1,True
W-002383,0,0,0,0,0,0,0,1,1,True
W-002384,0,0,0,0,0,0,0,0,0,False
W-002385,2,0,0,0,0,0,0,0,2,True
W-002386,0,0,0,0,0,0,0,1,1,True
W-002387,0,0,0,0,0,0,0,1,1,True
W-002388,0,0,0,0,0,0,0,1,1,True
W-002389,0,0,0,0,0,0,0,1,1,True
W-002390,0,0,0,0,0,0,0,0,0,False
W-002391,0,0,0,0,0,0,0,1,1,True
W-002392,1,0,0,0,0,0,0,1,2,True
W-002393,0,0,0,0,0,0,0,1,1,True
W-002394,0,0,0,0,0,0,0,0,0,False
W-002395,1,0,0,0,0,0,0,1,2,True
W-002396,0,0,0,0,0,0,0,1,1,True
W-002397,0,0,0,0,0,0,0,1,1,True
W-002398,0,0,0,0,0,0,0,0,0,False
W-002399,1,0,0,0,0,0,0,0,1,True
W-002400,0,0,0,0,0,0,0,1,1,True
W-002401,0,0,0,0,0,0,0,1,1,True
W-002402,1,0,0,0,0,0,0,1,2,True
W-002403,0,0,0,0,0,0,0,1,1,True
W-002404,0,0,0,0,0,0,0,1,1,True
W-002405,0,0,0,0,0,0,0,0,0,False
W-002406,0,0,0,0,0,0,0,1,1,True
W-002407,0,0,0,0,0,0,0,0,0,False
W-002408,0,0,0,0,0,0,0,0,0,False
W-002409,0,0,0,0,0,0,0,1,1,True
W-002410,0,0,0,0,0,0,0,1,1,True
W-002411,1,0,0,0,0,0,0,0,1,True
W-002412,0,0,0,0,0,0,0,1,1,True
W-002413,0,0,0,0,0,0,0,0,0,False
W-002414,0,0,0,0,0,0,0,0,0,False
W-002415,1,0,0,0,0,0,0,1,2,True
W-002416,0,0,0,0,0,0,0,1,1,True
W-002417,1,0,0,0,0,0,0,0,1,True
W-002418,0,0,0,0,0,0,0,1,1,True
W-002419,0,0,0,0,0,0,0,0,0,False
W-002420,0,0,0,0,0,0,0,0,0,False
W-002421,0,0,0,0,0,0,0,1,1,True
W-002422,0,0,0,0,0,0,0,0,0,False
W-002423,0,0,0,0,0,0,0,0,0,False
W-002424,1,0,0,0,0,0,0,0,1,True
W-002425,0,0,0,0,0,0,0,0,0,False
W-002426,0,0,0,0,0,0,0,1,1,True
W-002427,0,0,0,0,0,0,0,1,1,True
W-002428,0,0,0,0,0,0,0,1,1,True
W-002429,0,0,0,0,0,0,0,1,1,True
W-002430,0,0,0,0,0,0,0,1,1,True
W-002431,0,0,0,0,0,0,0,0,0,False
W-002432,0,0,0,0,0,0,0,0,0,False
W-002433,1,0,0,0,0,0,0,1,2,True
W-002434,1,0,0,0,0,0,0,0,1,True
W-002435,0,0,0,0,0,0,0,1,1,True
W-002436,0,0,0,0,0,0,0,1,1,True
W-002437,0,0,0,0,0,0,0,0,0,False
W-002438,0,0,0,0,0,0,0,1,1,True
W-002439,0,0,0,0,0,0,0,1,1,True
W-002440,0,0,0,0,0,0,0,1,1,True
W-002441,2,0,0,0,0,0,0,0,2,True
W-002442,2,0,0,0,0,0,0,1,3,True
W-002443,0,0,0,0,0,0,0,0,0,False
W-002444,2,0,0,0,0,0,0,0,2,True
W-002445,0,0,0,0,0,0,0,0,0,False
W-002446,0,0,0,0,0,0,0,0,0,False
W-002447,0,0,0,0,0,0,0,0,0,False
W-002448,0,0,0,0,0,0,0,1,1,True
W-002449,0,0,0,0,0,0,0,1,1,True
W-002450,0,0,0,0,0,0,0,0,0,False
W-002451,0,0,0,0,0,0,0,0,0,False
W-002452,0,0,0,0,0,0,0,0,0,False
W-002453,0,0,0,0,0,0,0,0,0,False
W-002454,0,0,0,0,0,0,0,1,1,True
W-002455,0,0,0,0,0,0,0,0,0,False
W-002456,0,0,0,0,0,0,0,0,0,False
W-002457,0,0,0,0,0,0,0,0,0,False
W-002458,0,0,0,0,0,0,0,1,1,True
W-002459,0,0,0,0,0,0,0,0,0,False
W-002460,0,0,0,0,0,0,0,0,0,False
W-002461,1,0,0,0,0,0,0,0,1,True
W-002462,0,0,0,0,0,0,0,1,1,True
W-002463,2,0,0,0,0,0,0,0,2,True
W-002464,1,0,0,0,0,0,0,0,1,True
W-002465,0,0,0,0,0,0,0,0,0,False
W-002466,0,0,0,0,0,0,0,1,1,True
W-002467,0,0,0,0,0,0,0,1,1,True
W-002468,1,0,0,0,0,0,0,1,2,True
W-002469,0,0,0,0,0,0,0,0,0,False
W-002470,0,0,0,0,0,0,0,1,1,True
W-002471,1,0,0,0,0,0,0,0,1,True
W-002472,0,0,0,0,0,0,0,0,0,False
W-002473,0,0,0,0,0,0,0,1,1,True
W-002474,0,0,0,0,0,0,0,0,0,False
W-002475,0,0,0,0,0,0,0,1,1,True
W-002476,0,0,0,0,0,0,0,0,0,False
W-002477,0,0,0,0,0,0,0,0,0,False
W-002478,0,0,0,0,0,0,0,1,1,True
W-002479,0,0,0,0,0,0,0,1,1,True
W-002480,0,0,0,0,0,0,0,0,0,False
W-002481,0,0,0,0,0,0,0,0,0,False
W-002482,0,0,0,0,0,0,0,1,1,True
W-002483,0,0,0,0,0,0,0,1,1,True
W-002484,0,0,0,0,0,0,0,0,0,False
W-002485,0,0,0,0,0,0,0,1,1,True
W-002486,0,0,0,0,0,0,0,0,0,False
W-002487,0,0,0,0,0,0,0,1,1,True
W-002488,0,0,0,0,0,0,0,0,0,False
W-002489,0,0,0,0,0,0,0,1,1,True
W-002490,0,0,0,0,0,0,0,0,0,False
W-002491,0,0,0,0,0,0,0,1,1,True
W-002492,0,0,0,0,0,0,0,0,0,False
W-002493,0,0,0,0,0,0,0,0,0,False
W-002494,0,0,0,0,0,0,0,0,0,False
W-002495,0,0,0,0,0,0,0,0,0,False
W-002496,0,0,0,0,0,0,0,0,0,False
W-002497,1,0,0,0,0,0,0,0,1,True
W-002498,0,0,0,0,0,0,0,1,1,True
W-002499,0,0,0,0,0,0,0,0,0,False
W-002500,0,0,0,0,0,0,0,0,0,False
W-002501,0,0,0,0,0,0,0,1,1,True
W-002502,0,0,0,0,0,0,0,0,0,False
W-002503,0,0,0,0,0,0,0,0,0,False
W-002504,0,0,0,0,0,0,0,0,0,False
W-002505,0,0,0,0,0,0,0,0,0,False
W-002506,0,0,0,0,0,0,0,1,1,True
W-002507,0,0,0,0,0,0,0,0,0,False
W-002508,0,0,0,0,0,0,0,0,0,False
W-002509,0,0,0,0,0,0,0,0,0,False
W-002510,0,0,0,0,0,0,0,1,1,True
W-002511,0,0,0,0,0,0,0,0,0,False
W-002512,0,0,0,0,0,0,0,1,1,True
W-002513,1,0,0,0,0,0,0,1,2,True
W-002514,1,0,0,0,0,0,0,0,1,True
W-002515,2,0,0,0,0,0,0,0,2,True
W-002516,1,0,0,0,0,0,0,0,1,True
W-002517,1,0,0,0,0,0,0,0,1,True
W-002518,0,0,0,0,0,0,0,0,0,False
W-002519,0,0,0,0,0,0,0,1,1,True
W-002520,0,0,0,0,0,0,0,0,0,False
W-002521,0,0,0,0,0,0,0,0,0,False
W-002522,1,0,0,0,0,0,0,1,2,True
W-002523,1,0,0,0,0,0,0,0,1,True
W-002524,0,0,0,0,0,0,0,0,0,False
W-002525,0,0,0,0,0,0,0,1,1,True
W-002526,0,0,0,0,0,0,0,0,0,False
W-002527,0,0,0,0,0,0,0,0,0,False
W-002528,0,0,0,0,0,0,0,1,1,True
W-002529,1,0,0,0,0,0,0,0,1,True
W-002530,1,0,0,0,0,0,0,1,2,True
W-002531,0,0,0,0,0,0,0,1,1,True
W-002532,0,0,0,0,0,0,0,0,0,False
W-002533,0,0,0,0,0,0,0,0,0,False
W-002534,0,0,0,0,0,0,0,0,0,False
W-002535,0,0,0,0,0,0,0,0,0,False
W-002536,0,0,0,0,0,0,0,0,0,False
W-002537,0,0,0,0,0,0,0,1,1,True
W-002538,0,0,0,0,0,0,0,0,0,False
W-002539,0,0,0,0,0,0,0,0,0,False
W-002540,0,0,0,0,0,0,0,0,0,False
W-002541,0,0,0,0,0,0,0,0,0,False
W-002542,0,0,0,0,0,0,0,0,0,False
W-002543,0,0,0,0,0,0,0,0,0,False
W-002544,0,0,0,0,0,0,0,0,0,False
W-002545,0,0,0,0,0,0,0,1,1,True
W-002546,0,0,0,0,0,0,0,0,0,False
W-002547,1,0,0,0,0,0,0,1,2,True
W-002548,0,0,0,0,0,0,0,1,1,True
W-002549,0,0,0,0,0,0,0,0,0,False
W-002550,0,0,0,0,0,0,0,1,1,True
W-002551,0,0,0,0,0,0,0,0,0,False
W-002552,0,0,0,0,0,0,0,0,0,False
W-002553,0,0,0,0,0,0,0,0,0,False
W-002554,0,0,0,0,0,0,0,1,1,True
W-002555,0,0,0,0,0,0,0,1,1,True
W-002556,0,0,0,0,0,0,0,1,1,True
W-002557,1,0,0,0,0,0,0,1,2,True
W-002558,1,0,0,0,0,0,0,1,2,True
W-002559,2,0,0,0,0,0,0,1,3,True
W-002560,0,0,0,0,0,0,0,0,0,False
W-002561,2,0,0,0,0,0,0,1,3,True
W-002562,0,0,0,0,0,0,0,0,0,False
W-002563,0,0,0,0,0,0,0,0,0,False
W-002564,0,0,0,0,0,0,0,0,0,False
W-002565,0,0,0,0,0,0,0,1,1,True
W-002566,0,0,0,0,0,0,0,0,0,False
W-002567,0,0,0,0,0,0,0,0,0,False
W-002568,0,0,0,0,0,0,0,0,0,False
W-002569,0,0,0,0,0,0,0,0,0,False
W-002570,0,0,0,0,0,0,0,1,1,True
W-002571,0,0,0,0,0,0,0,0,0,False
W-002572,1,0,0,0,0,0,0,0,1,True
W-002573,0,0,0,0,0,0,0,0,0,False
W-002574,0,0,0,0,0,0,0,0,0,False
W-002575,0,0,0,0,0,0,0,0,0,False
W-002576,0,0,0,0,0,0,0,1,1,True
W-002577,0,0,0,0,0,0,0,1,1,True
W-002578,0,0,0,0,0,0,0,1,1,True
W-002579,0,0,0,0,0,0,0,1,1,True
W-002580,0,0,0,0,0,0,0,0,0,False
W-002581,0,0,0,0,0,0,0,0,0,False
W-002582,0,0,0,0,0,0,0,0,0,False
W-002583,0,0,0,0,0,0,0,1,1,True
W-002584,0,0,0,0,0,0,0,0,0,False
W-002585,0,0,0,0,0,0,0,0,0,False
W-002586,0,0,0,0,0,0,0,0,0,False
W-002587,0,0,0,0,0,0,0,1,1,True
W-002588,0,0,0,0,0,0,0,0,0,False
W-002589,0,0,0,0,0,0,0,0,0,False
W-002590,0,0,0,0,0,0,0,1,1,True
W-002591,0,0,0,0,0,0,0,1,1,True
W-002592,0,0,0,0,0,0,0,1,1,True
W-002593,0,0,0,0,0,0,0,0,0,False
W-002594,1,0,0,0,0,0,0,1,2,True
W-002595,0,0,0,0,0,0,0,0,0,False
W-002596,0,0,0,0,0,0,0,1,1,True
W-002597,0,0,0,0,0,0,0,0,0,False
W-002598,0,0,0,0,0,0,0,0,0,False
W-002599,0,0,0,0,0,0,0,1,1,True
W-002600,0,0,0,0,0,0,0,0,0,False
W-002601,0,0,0,0,0,0,0,1,1,True
W-002602,0,0,0,0,0,0,0,1,1,True
W-002603,0,0,0,0,0,0,0,0,0,False
W-002604,0,0,0,0,0,0,0,0,0,False
W-002605,0,0,0,0,0,0,0,0,0,False
W-002606,0,0,0,0,0,0,0,0,0,False
W-002607,0,0,0,0,0,0,0,0,0,False
W-002608,2,0,0,0,0,0,0,0,2,True
W-002609,0,0,0,0,0,0,0,1,1,True
W-002610,0,0,0,0,0,0,0,0,0,False
W-002611,0,0,0,0,0,0,0,0,0,False
W-002612,2,0,0,0,0,0,0,0,2,True
W-002613,0,0,0,0,0,0,0,0,0,False
W-002614,0,0,0,0,0,0,0,1,1,True
W-002615,0,0,0,0,0,0,0,1,1,True
W-002616,0,0,0,0,0,0,0,0,0,False
W-002617,0,0,0,0,0,0,0,0,0,False
W-002618,0,0,0,0,0,0,0,0,0,False
W-002619,0,0,0,0,0,0,0,1,1,True
W-002620,0,0,0,0,0,0,0,0,0,False
W-002621,0,0,0,0,0,0,0,1,1,True
W-002622,0,0,0,0,0,0,0,0,0,False
W-002623,0,0,0,0,0,0,0,0,0,False
W-002624,0,0,0,0,0,0,0,0,0,False
W-002625,0,0,0,0,0,0,0,0,0,False
W-002626,0,0,0,0,0,0,0,0,0,False
W-002627,0,0,0,0,0,0,0,1,1,True
W-002628,0,0,0,0,0,0,0,1,1,True
W-002629,1,0,0,0,0,0,0,1,2,True
W-002630,0,0,0,0,0,0,0,0,0,False
W-002631,0,0,0,0,0,0,0,0,0,False
W-002632,0,0,0,0,0,0,0,0,0,False
W-002633,0,0,0,0,0,0,0,0,0,False
W-002634,0,0,0,0,0,0,0,1,1,True
W-002635,0,0,0,0,0,0,0,0,0,False
W-002636,0,0,0,0,0,0,0,0,0,False
W-002637,0,0,0,0,0,0,0,0,0,False
W-002638,1,0,0,0,0,0,0,0,1,True
W-002639,1,0,0,0,0,0,0,0,1,True
W-002640,0,0,0,0,0,0,0,0,0,False
W-002641,0,0,0,0,0,0,0,1,1,True
W-002642,1,0,0,0,0,0,0,1,2,True
W-002643,0,0,0,0,0,0,0,0,0,False
W-002644,0,0,0,0,0,0,0,0,0,False
W-002645,2,0,0,0,0,0,0,0,2,True
W-002646,0,0,0,0,0,0,0,1,1,True
W-002647,0,0,0,0,0,0,0,0,0,False
W-002648,1,0,0,0,0,0,0,0,1,True
W-002649,0,0,0,0,0,0,0,0,0,False
W-002650,1,0,0,0,0,0,0,1,2,True
W-002651,0,0,0,0,0,0,0,1,1,True
W-002652,1,0,0,0,0,0,0,0,1,True
W-002653,0,0,0,0,0,0,0,0,0,False
W-002654,0,0,0,0,0,0,0,1,1,True
W-002655,0,0,0,0,0,0,0,0,0,False
W-002656,0,0,0,0,0,0,0,0,0,False
W-002657,1,0,0,0,0,0,0,0,1,True
W-002658,0,0,0,0,0,0,0,0,0,False
W-002659,0,0,0,0,0,0,0,0,0,False
W-002660,0,0,0,0,0,0,0,1,1,True
W-002661,0,0,0,0,0,0,0,0,0,False
W-002662,0,0,0,0,0,0,0,1,1,True
W-002663,0,0,0,0,0,0,0,1,1,True
W-002664,0,0,0,0,0,0,0,0,0,False
W-002665,0,0,0,0,0,0,0,0,0,False
W-002666,1,0,0,0,0,0,0,0,1,True
W-002667,1,0,0,0,0,0,0,1,2,True
W-002668,0,0,0,0,0,0,0,0,0,False
W-002669,0,0,0,0,0,0,0,1,1,True
W-002670,1,0,0,0,0,0,0,1,2,True
W-002671,0,0,0,0,0,0,0,0,0,False
W-002672,1,0,0,0,0,0,0,0,1,True
W-002673,1,0,0,0,0,0,0,0,1,True
W-002674,0,0,0,0,0,0,0,1,1,True
W-002675,0,0,0,0,0,0,0,1,1,True
W-002676,0,0,0,0,0,0,0,1,1,True
W-002677,0,0,0,0,0,0,0,1,1,True
W-002678,0,0,0,0,0,0,0,0,0,False
W-002679,1,0,0,0,0,0,0,0,1,True
W-002680,0,0,0,0,0,0,0,0,0,False
W-002681,1,0,0,0,0,0,0,0,1,True
W-002682,0,0,0,0,0,0,0,0,0,False
W-002683,0,0,0,0,0,0,0,0,0,False
W-002684,0,0,0,0,0,0,0,0,0,False
W-002685,0,0,0,0,0,0,0,0,0,False
W-002686,1,0,0,0,0,0,0,0,1,True
W-002687,0,0,0,0,0,0,0,1,1,True
W-002688,1,0,0,0,0,0,0,0,1,True
W-002689,0,0,0,0,0,0,0,1,1,True
W-002690,0,0,0,0,0,0,0,1,1,True
W-002691,1,0,0,0,0,0,0,1,2,True
W-002692,1,0,0,0,0,0,0,1,2,True
W-002693,2,0,0,0,0,0,0,1,3,True
W-002694,1,0,0,0,0,0,0,0,1,True
W-002695,1,0,0,0,0,0,0,1,2,True
W-002696,0,0,0,0,0,0,0,0,0,False
W-002697,1,0,0,0,0,0,0,1,2,True
W-002698,0,0,0,0,0,0,0,0,0,False
W-002699,0,0,0,0,0,0,0,0,0,False
W-002700,1,0,0,0,0,0,0,1,2,True
W-002701,0,0,0,0,0,0,0,1,1,True
W-002702,0,0,0,0,0,0,0,0,0,False
W-002703,0,0,0,0,0,0,0,0,0,False
W-002704,0,0,0,0,0,0,0,0,0,False
W-002705,0,0,0,0,0,0,0,1,1,True
W-002706,0,0,0,0,0,0,0,1,1,True
W-002707,0,0,0,0,0,0,0,0,0,False
W-002708,0,0,0,0,0,0,0,1,1,True
W-002709,0,0,0,0,0,0,0,0,0,False
W-002710,0,0,0,0,0,0,0,1,1,True
W-002711,0,0,0,0,0,0,0,0,0,False
W-002712,1,0,0,0,0,0,0,0,1,True
W-002713,0,0,0,0,0,0,0,0,0,False
W-002714,0,0,0,0,0,0,0,0,0,False
W-002715,0,0,0,0,0,0,0,1,1,True
W-002716,0,0,0,0,0,0,0,1,1,True
W-002717,0,0,0,0,0,0,0,0,0,False
W-002718,1,0,0,0,0,0,0,0,1,True
W-002719,0,0,0,0,0,0,0,1,1,True
W-002720,0,0,0,0,0,0,0,0,0,False
W-002721,0,0,0,0,0,0,0,0,0,False
W-002722,1,0,0,0,0,0,0,0,1,True
W-002723,2,0,0,0,0,0,0,1,3,True
W-002724,0,0,0,0,0,0,0,1,1,True
W-002725,1,0,0,0,0,0,0,1,2,True
W-002726,0,0,0,0,0,0,0,0,0,False
W-002727,0,0,0,0,0,0,0,0,0,False
W-002728,0,0,0,0,0,0,0,1,1,True
W-002729,0,0,0,0,0,0,0,1,1,True
W-002730,0,0,0,0,0,0,0,0,0,False
W-002731,0,0,0,0,0,0,0,0,0,False
W-002732,0,0,0,0,0,0,0,1,1,True
W-002733,0,0,0,0,0,0,0,0,0,False
W-002734,0,0,0,0,0,0,0,0,0,False
W-002735,0,0,0,0,0,0,0,0,0,False
W-002736,0,0,0,0,0,0,0,0,0,False
W-002737,0,0,0,0,0,0,0,0,0,False
W-002738,0,0,0,0,0,0,0,1,1,True
W-002739,1,0,0,0,0,0,0,0,1,True
W-002740,0,0,0,0,0,0,0,0,0,False
W-002741,1,0,0,0,0,0,0,1,2,True
W-002742,0,0,0,0,0,0,0,0,0,False
W-002743,0,0,0,0,0,0,0,1,1,True
W-002744,0,0,0,0,0,0,0,1,1,True
W-002745,0,0,0,0,0,0,0,0,0,False
W-002746,0,0,0,0,0,0,0,1,1,True
W-002747,0,0,0,0,0,0,0,0,0,False
W-002748,0,0,0,0,0,0,0,0,0,False
W-002749,1,0,0,0,0,0,0,0,1,True
W-002750,0,0,0,0,0,0,0,1,1,True
W-002751,0,0,0,0,0,0,0,1,1,True
W-002752,0,0,0,0,0,0,0,0,0,False
W-002753,0,0,0,0,0,0,0,1,1,True
W-002754,0,0,0,0,0,0,0,0,0,False
W-002755,1,0,0,0,0,0,0,0,1,True
W-002756,0,0,0,0,0,0,0,0,0,False
W-002757,0,0,0,0,0,0,0,0,0,False
W-002758,0,0,0,0,0,0,0,1,1,True
W-002759,0,0,0,0,0,0,0,0,0,False
W-002760,1,0,0,0,0,0,0,1,2,True
W-002761,0,0,0,0,0,0,0,1,1,True
W-002762,1,0,0,0,0,0,0,1,2,True
W-002763,0,0,0,0,0,0,0,0,0,False
W-002764,0,0,0,0,0,0,0,0,0,False
W-002765,0,0,0,0,0,0,0,1,1,True
W-002766,0,0,0,0,0,0,0,1,1,True
W-002767,0,0,0,0,0,0,0,0,0,False
W-002768,0,0,0,0,0,0,0,0,0,False
W-002769,0,0,0,0,0,0,0,1,1,True
W-002770,2,0,0,0,0,0,0,0,2,True
W-002771,0,0,0,0,0,0,0,0,0,False
W-002772,0,0,0,0,0,0,0,1,1,True
W-002773,0,0,0,0,0,0,0,0,0,False
W-002774,0,0,0,0,0,0,0,0,0,False
W-002775,0,0,0,0,0,0,0,1,1,True
W-002776,0,0,0,0,0,0,0,0,0,False
W-002777,1,0,0,0,0,0,0,0,1,True
W-002778,0,0,0,0,0,0,0,0,0,False
W-002779,0,0,0,0,0,0,0,0,0,False
W-002780,0,0,0,0,0,0,0,0,0,False
W-002781,0,0,0,0,0,0,0,0,0,False
W-002782,0,0,0,0,0,0,0,0,0,False
W-002783,0,0,0,0,0,0,0,1,1,True
W-002784,0,0,0,0,0,0,0,1,1,True
W-002785,1,0,0,0,0,0,0,1,2,True
W-002786,0,0,0,0,0,0,0,0,0,False
W-002787,0,0,0,0,0,0,0,0,0,False
W-002788,0,0,0,0,0,0,0,0,0,False
W-002789,0,0,0,0,0,0,0,0,0,False
W-002790,0,0,0,0,0,0,0,0,0,False
W-002791,0,0,0,0,0,0,0,1,1,True
W-002792,0,0,0,0,0,0,0,0,0,False
W-002793,0,0,0,0,0,0,0,0,0,False
W-002794,0,0,0,0,0,0,0,1,1,True
W-002795,1,0,0,0,0,0,0,0,1,True
W-002796,1,0,0,0,0,0,0,0,1,True
W-002797,0,0,0,0,0,0,0,1,1,True
W-002798,0,0,0,0,0,0,0,1,1,True
W-002799,0,0,0,0,0,0,0,0,0,False
W-002800,0,0,0,0,0,0,0,1,1,True
W-002801,1,0,0,0,0,0,0,0,1,True
W-002802,0,0,0,0,0,0,0,0,0,False
W-002803,0,0,0,0,0,0,0,0,0,False
W-002804,0,0,0,0,0,0,0,0,0,False
W-002805,0,0,0,0,0,0,0,0,0,False
W-002806,0,0,0,0,0,0,0,1,1,True
W-002807,0,0,0,0,0,0,0,1,1,True
W-002808,0,0,0,0,0,0,0,0,0,False
W-002809,0,0,0,0,0,0,0,0,0,False
W-002810,0,0,0,0,0,0,0,0,0,False
W-002811,0,0,0,0,0,0,0,0,0,False
W-002812,0,0,0,0,0,0,0,1,1,True
W-002813,0,0,0,0,0,0,0,1,1,True
W-002814,0,0,0,0,0,0,0,1,1,True
W-002815,0,0,0,0,0,0,0,0,0,False
W-002816,0,0,0,0,0,0,0,1,1,True
W-002817,1,0,0,0,0,0,0,1,2,True
W-002818,2,0,0,0,0,0,0,0,2,True
W-002819,1,0,0,0,0,0,0,1,2,True
W-002820,0,0,0,0,0,0,0,1,1,True
W-002821,0,0,0,0,0,0,0,0,0,False
W-002822,1,0,0,0,0,0,0,1,2,True
W-002823,0,0,0,0,0,0,0,0,0,False
W-002824,0,0,0,0,0,0,0,0,0,False
W-002825,1,0,0,0,0,0,0,0,1,True
W-002826,0,0,0,0,0,0,0,1,1,True
W-002827,1,0,0,0,0,0,0,1,2,True
W-002828,1,0,0,0,0,0,0,1,2,True
W-002829,0,0,0,0,0,0,0,0,0,False
W-002830,0,0,0,0,0,0,0,1,1,True
W-002831,0,0,0,0,0,0,0,1,1,True
W-002832,0,0,0,0,0,0,0,0,0,False
W-002833,2,0,0,0,0,0,0,0,2,True
W-002834,0,0,0,0,0,0,0,1,1,True
W-002835,0,0,0,0,0,0,0,1,1,True
W-002836,1,0,0,0,0,0,0,0,1,True
W-002837,0,0,0,0,0,0,0,0,0,False
W-002838,0,0,0,0,0,0,0,1,1,True
W-002839,0,0,0,0,0,0,0,0,0,False
W-002840,0,0,0,0,0,0,0,1,1,True
W-002841,0,0,0,0,0,0,0,0,0,False
W-002842,1,0,0,0,0,0,0,0,1,True
W-002843,0,0,0,0,0,0,0,0,0,False
W-002844,0,0,0,0,0,0,0,0,0,False
W-002845,0,0,0,0,0,0,0,0,0,False
W-002846,0,0,0,0,0,0,0,0,0,False
W-002847,1,0,0,0,0,0,0,0,1,True
W-002848,0,0,0,0,0,0,0,0,0,False
W-002849,0,0,0,0,0,0,0,1,1,True
W-002850,1,0,0,0,0,0,0,1,2,True
W-002851,0,0,0,0,0,0,0,0,0,False
W-002852,0,0,0,0,0,0,0,1,1,True
W-002853,0,0,0,0,0,0,0,1,1,True
W-002854,0,0,0,0,0,0,0,0,0,False
W-002855,1,0,0,0,0,0,0,0,1,True
W-002856,0,0,0,0,0,0,0,1,1,True
W-002857,0,0,0,0,0,0,0,0,0,False
W-002858,1,0,0,0,0,0,0,0,1,True
W-002859,1,0,0,0,0,0,0,0,1,True
W-002860,0,0,0,0,0,0,0,0,0,False
W-002861,0,0,0,0,0,0,0,1,1,True
W-002862,0,0,0,0,0,0,0,0,0,False
W-002863,0,0,0,0,0,0,0,0,0,False
W-002864,0,0,0,0,0,0,0,1,1,True
W-002865,0,0,0,0,0,0,0,1,1,True
W-002866,1,0,0,0,0,0,0,1,2,True
W-002867,0,0,0,0,0,0,0,1,1,True
W-002868,0,0,0,0,0,0,0,0,0,False
W-002869,0,0,0,0,0,0,0,0,0,False
W-002870,0,0,0,0,0,0,0,0,0,False
W-002871,0,0,0,0,0,0,0,0,0,False
W-002872,0,0,0,0,0,0,0,0,0,False
W-002873,0,0,0,0,0,0,0,1,1,True
W-002874,1,0,0,0,0,0,0,0,1,True
W-002875,0,0,0,0,0,0,0,1,1,True
W-002876,1,0,0,0,0,0,0,1,2,True
W-002877,0,0,0,0,0,0,0,0,0,False
W-002878,0,0,0,0,0,0,0,0,0,False
W-002879,1,0,0,0,0,0,0,1,2,True
W-002880,0,0,0,0,0,0,0,0,0,False
W-002881,0,0,0,0,0,0,0,0,0,False
W-002882,0,0,0,0,0,0,0,0,0,False
W-002883,0,0,0,0,0,0,0,1,1,True
W-002884,0,0,0,0,0,0,0,1,1,True
W-002885,0,0,0,0,0,0,0,1,1,True
W-002886,0,0,0,0,0,0,0,0,0,False
W-002887,0,0,0,0,0,0,0,1,1,True
W-002888,1,0,0,0,0,0,0,1,2,True
W-002889,0,0,0,0,0,0,0,0,0,False
W-002890,0,0,0,0,0,0,0,0,0,False
W-002891,0,0,0,0,0,0,0,0,0,False
W-002892,0,0,0,0,0,0,0,0,0,False
W-002893,1,0,0,0,0,0,0,0,1,True
W-002894,0,0,0,0,0,0,0,0,0,False
W-002895,0,0,0,0,0,0,0,1,1,True
W-002896,0,0,0,0,0,0,0,0,0,False
W-002897,0,0,0,0,0,0,0,1,1,True
W-002898,0,0,0,0,0,0,0,0,0,False
W-002899,0,0,0,0,0,0,0,0,0,False
W-002900,0,0,0,0,0,0,0,0,0,False
W-002901,0,0,0,0,0,0,0,1,1,True
W-002902,1,0,0,0,0,0,0,0,1,True
W-002903,1,0,0,0,0,0,0,0,1,True
W-002904,1,0,0,0,0,0,0,1,2,True
W-002905,0,0,0,0,0,0,0,1,1,True
W-002906,0,0,0,0,0,0,0,0,0,False
W-002907,0,0,0,0,0,0,0,0,0,False
W-002908,0,0,0,0,0,0,0,1,1,True
W-002909,0,0,0,0,0,0,0,1,1,True
W-002910,0,0,0,0,0,0,0,0,0,False
W-002911,0,0,0,0,0,0,0,1,1,True
W-002912,0,0,0,0,0,0,0,1,1,True
W-002913,0,0,0,0,0,0,0,0,0,False
W-002914,0,0,0,0,0,0,0,0,0,False
W-002915,0,0,0,0,0,0,0,0,0,False
W-002916,0,0,0,0,0,0,0,1,1,True
W-002917,1,0,0,0,0,0,0,0,1,True
W-002918,0,0,0,0,0,0,0,1,1,True
W-002919,0,0,0,0,0,0,0,1,1,True
W-002920,0,0,0,0,0,0,0,0,0,False
W-002921,0,0,0,0,0,0,0,0,0,False
W-002922,0,0,0,0,0,0,0,0,0,False
W-002923,0,0,0,0,0,0,0,1,1,True
W-002924,0,0,0,0,0,0,0,0,0,False
W-002925,0,0,0,0,0,0,0,1,1,True
W-002926,0,0,0,0,0,0,0,1,1,True
W-002927,1,0,0,0,0,0,0,0,1,True
W-002928,0,0,0,0,0,0,0,0,0,False
W-002929,0,0,0,0,0,0,0,0,0,False
W-002930,1,0,0,0,0,0,0,0,1,True
W-002931,0,0,0,0,0,0,0,1,1,True
W-002932,0,0,0,0,0,0,0,0,0,False
W-002933,0,0,0,0,0,0,0,1,1,True
W-002934,0,0,0,0,0,0,0,0,0,False
W-002935,1,0,0,0,0,0,0,1,2,True
W-002936,0,0,0,0,0,0,0,0,0,False
W-002937,0,0,0,0,0,0,0,1,1,True
W-002938,2,0,0,0,0,0,0,0,2,True
W-002939,1,0,0,0,0,0,0,1,2,True
W-002940,1,0,0,0,0,0,0,1,2,True
W-002941,0,0,0,0,0,0,0,1,1,True
W-002942,0,0,0,0,0,0,0,0,0,False
W-002943,0,0,0,0,0,0,0,1,1,True
W-002944,0,0,0,0,0,0,0,0,0,False
W-002945,0,0,0,0,0,0,0,0,0,False
W-002946,0,0,0,0,0,0,0,0,0,False
W-002947,1,0,0,0,0,0,0,0,1,True
W-002948,1,0,0,0,0,0,0,0,1,True
W-002949,0,0,0,0,0,0,0,1,1,True
W-002950,0,0,0,0,0,0,0,1,1,True
W-002951,1,0,0,0,0,0,0,1,2,True
W-002952,0,0,0,0,0,0,0,1,1,True
W-002953,0,0,0,0,0,0,0,1,1,True
W-002954,0,0,0,0,0,0,0,1,1,True
W-002955,0,0,0,0,0,0,0,0,0,False
W-002956,0,0,0,0,0,0,0,1,1,True
W-002957,0,0,0,0,0,0,0,1,1,True
W-002958,0,0,0,0,0,0,0,1,1,True
W-002959,1,0,0,0,0,0,0,1,2,True
W-002960,0,0,0,0,0,0,0,0,0,False
W-002961,0,0,0,0,0,0,0,1,1,True
W-002962,0,0,0,0,0,0,0,1,1,True
W-002963,0,0,0,0,0,0,0,1,1,True
W-002964,0,0,0,0,0,0,0,0,0,False
W-002965,0,0,0,0,0,0,0,0,0,False
W-002966,0,0,0,0,0,0,0,0,0,False
W-002967,1,0,0,0,0,0,0,0,1,True
W-002968,1,0,0,0,0,0,0,0,1,True
W-002969,0,0,0,0,0,0,0,1,1,True
W-002970,0,0,0,0,0,0,0,1,1,True
W-002971,0,0,0,0,0,0,0,0,0,False
W-002972,0,0,0,0,0,0,0,0,0,False
W-002973,0,0,0,0,0,0,0,0,0,False
W-002974,1,0,0,0,0,0,0,0,1,True
W-002975,0,0,0,0,0,0,0,1,1,True
W-002976,0,0,0,0,0,0,0,1,1,True
W-002977,0,0,0,0,0,0,0,1,1,True
W-002978,1,0,0,0,0,0,0,0,1,True
W-002979,0,0,0,0,0,0,0,0,0,False
W-002980,1,0,0,0,0,0,0,0,1,True
W-002981,0,0,0,0,0,0,0,0,0,False
W-002982,0,0,0,0,0,0,0,1,1,True
W-002983,0,0,0,0,0,0,0,1,1,True
W-002984,1,0,0,0,0,0,0,0,1,True
W-002985,0,0,0,0,0,0,0,1,1,True
W-002986,0,0,0,0,0,0,0,0,0,False
W-002987,0,0,0,0,0,0,0,1,1,True
W-002988,0,0,0,0,0,0,0,0,0,False
W-002989,1,0,0,0,0,0,0,0,1,True
W-002990,0,0,0,0,0,0,0,0,0,False
W-002991,0,0,0,0,0,0,0,0,0,False
W-002992,0,0,0,0,0,0,0,0,0,False
W-002993,0,0,0,0,0,0,0,1,1,True
W-002994,0,0,0,0,0,0,0,1,1,True
W-002995,0,0,0,0,0,0,0,1,1,True
W-002996,0,0,0,0,0,0,0,0,0,False
W-002997,0,0,0,0,0,0,0,1,1,True
W-002998,0,0,0,0,0,0,0,0,0,False
W-002999,0,0,0,0,0,0,0,1,1,True
W-003000,0,0,0,0,0,0,0,0,0,False
