work_id,split
W-003037,TRAIN
W-002029,TRAIN
W-000151,TRAIN
W-000974,TRAIN
W-000369,TRAIN
W-002256,TRAIN
W-003434,TRAIN
W-002879,TRAIN
W-002212,TRAIN
W-001595,TRAIN
W-002410,TRAIN
W-004315,TRAIN
W-002197,TRAIN
W-003073,TRAIN
W-002053,TRAIN
W-001434,TRAIN
W-000029,TRAIN
W-003039,TRAIN
W-000437,TRAIN
W-003378,TRAIN
W-003438,TRAIN
W-000699,TRAIN
W-000250,TRAIN
W-002277,TRAIN
W-003432,TRAIN
W-003414,TRAIN
W-004339,TRAIN
W-001494,TRAIN
W-002292,TRAIN
W-001089,TRAIN
W-002154,TRAIN
W-001996,TRAIN
W-003479,TRAIN
W-003433,TRAIN
W-000799,TRAIN
W-001358,TRAIN
W-002895,TRAIN
W-002697,TRAIN
W-001529,TRAIN
W-003391,TRAIN
W-003855,TRAIN
W-002752,TRAIN
W-003076,TRAIN
W-003271,TRAIN
W-004810,TRAIN
W-004472,TRAIN
W-004577,TRAIN
W-004271,TRAIN
W-000209,TRAIN
W-003899,TRAIN
W-001369,TRAIN
W-002933,TRAIN
W-004957,TRAIN
W-003476,TRAIN
W-001652,TRAIN
W-003290,TRAIN
W-000356,TRAIN
W-004170,TRAIN
W-004496,TRAIN
W-000711,TRAIN
W-002129,TRAIN
W-001730,TRAIN
W-003317,TRAIN
W-003132,TRAIN
W-003038,TRAIN
W-002098,TRAIN
W-004319,TRAIN
W-003575,TRAIN
W-003893,TRAIN
W-004292,TRAIN
W-002193,TRAIN
W-001091,TRAIN
W-003396,TRAIN
W-004675,TRAIN
W-003813,TRAIN
W-004114,TRAIN
W-004510,TRAIN
W-003999,TRAIN
W-001914,TRAIN
W-002817,TRAIN
W-004075,TRAIN
W-003734,TRAIN
W-000518,TRAIN
W-001557,TRAIN
W-004409,TRAIN
W-001114,TRAIN
W-000412,TRAIN
W-002653,TRAIN
W-004156,TRAIN
W-004716,TRAIN
W-004890,TRAIN
W-002290,TRAIN
W-001950,TRAIN
W-004091,TRAIN
W-004334,TRAIN
W-004050,TRAIN
W-000197,TRAIN
W-000277,TRAIN
W-003035,TRAIN
W-004130,TRAIN
W-003990,TRAIN
W-001539,TRAIN
W-000336,TRAIN
W-003077,TRAIN
W-002898,TRAIN
W-000339,TRAIN
W-000176,TRAIN
W-000815,TRAIN
W-002431,TRAIN
W-004029,TRAIN
W-004095,TRAIN
W-001016,TRAIN
W-002451,TRAIN
W-000952,TRAIN
W-000531,TRAIN
W-001011,TRAIN
W-004352,TRAIN
W-003471,TRAIN
W-000779,TRAIN
W-003913,TRAIN
W-002276,TRAIN
W-002278,TRAIN
W-003758,TRAIN
W-003576,TRAIN
W-004431,TRAIN
W-002498,TRAIN
W-002050,TRAIN
W-003413,TRAIN
W-000471,TRAIN
W-000656,TRAIN
W-004953,TRAIN
W-002711,TRAIN
W-000833,TRAIN
W-003130,TRAIN
W-000858,TRAIN
W-004813,TRAIN
W-003514,TRAIN
W-001415,TRAIN
W-002937,TRAIN
W-000238,TRAIN
W-004494,TRAIN
W-004096,TRAIN
W-001877,TRAIN
W-003495,TRAIN
W-004954,TRAIN
W-004139,TRAIN
W-001838,TRAIN
W-000353,TRAIN
W-004215,TRAIN
W-000870,TRAIN
W-003991,TRAIN
W-001735,TRAIN
W-002472,TRAIN
W-000834,TRAIN
W-004559,TRAIN
W-003394,TRAIN
W-003311,TRAIN
W-001319,TRAIN
W-001616,TRAIN
W-001039,TRAIN
W-004377,TRAIN
W-000316,TRAIN
W-004371,TRAIN
W-003310,TRAIN
W-003355,TRAIN
W-002077,TRAIN
W-002513,TRAIN
W-000877,TRAIN
W-004875,TRAIN
W-001969,TRAIN
W-001214,TRAIN
W-002919,TRAIN
W-004035,TRAIN
W-002713,TRAIN
W-003049,TRAIN
W-001974,TRAIN
W-000792,TRAIN
W-001631,TRAIN
W-003398,TRAIN
W-002411,TRAIN
W-003770,TRAIN
W-004030,TRAIN
W-003170,TRAIN
W-002199,TRAIN
W-003559,TRAIN
W-000851,TRAIN
W-000131,TRAIN
W-004972,TRAIN
W-004097,TRAIN
W-000435,TRAIN
W-000772,TRAIN
W-004290,TRAIN
W-002614,TRAIN
W-003535,TRAIN
W-003510,TRAIN
W-004714,TRAIN
W-004753,TRAIN
W-000891,TRAIN
W-001537,TRAIN
W-001179,TRAIN
W-002030,TRAIN
W-000373,TRAIN
W-003918,TRAIN
W-001309,TRAIN
W-003809,TRAIN
W-003870,TRAIN
W-002469,TRAIN
W-003252,TRAIN
W-004012,TRAIN
W-003974,TRAIN
W-004615,TRAIN
W-000930,TRAIN
W-003014,TRAIN
W-002536,TRAIN
W-001738,TRAIN
W-000897,TRAIN
W-002075,TRAIN
W-004854,TRAIN
W-000495,TRAIN
W-004250,TRAIN
W-003093,TRAIN
W-001590,TRAIN
W-003917,TRAIN
W-001216,TRAIN
W-000169,TRAIN
W-003996,TRAIN
W-001857,TRAIN
W-003133,TRAIN
W-004092,TRAIN
W-001698,TRAIN
W-003655,TRAIN
W-001158,TRAIN
W-001634,TRAIN
W-000513,TRAIN
W-000154,TRAIN
W-002657,TRAIN
W-000235,TRAIN
W-001754,TRAIN
W-001235,TRAIN
W-003674,TRAIN
W-001553,TRAIN
W-001249,TRAIN
W-001551,TRAIN
W-001316,TRAIN
W-003196,TRAIN
W-004575,TRAIN
W-003875,TRAIN
W-000516,TRAIN
W-004297,TRAIN
W-003176,TRAIN
W-004378,TRAIN
W-000529,TRAIN
W-002215,TRAIN
W-004477,TRAIN
W-000553,TRAIN
W-004235,TRAIN
W-001919,TRAIN
W-003439,TRAIN
W-004350,TRAIN
W-003779,TRAIN
W-001359,TRAIN
W-004618,TRAIN
W-001111,TRAIN
W-003638,TRAIN
W-002936,TRAIN
W-000170,TRAIN
W-001112,TRAIN
W-004111,TRAIN
W-002159,TRAIN
W-000574,TRAIN
W-002857,TRAIN
W-003029,TRAIN
W-003456,TRAIN
W-002734,TRAIN
W-003257,TRAIN
W-004171,TRAIN
W-003409,TRAIN
W-002373,TRAIN
W-003011,TRAIN
W-003692,TRAIN
W-001289,TRAIN
W-000439,TRAIN
W-003336,TRAIN
W-002739,TRAIN
W-002579,TRAIN
W-000416,TRAIN
W-001051,TRAIN
W-003114,TRAIN
W-003099,TRAIN
W-001717,TRAIN
W-004358,TRAIN
W-002013,TRAIN
W-002611,TRAIN
W-000654,TRAIN
W-004696,TRAIN
W-002876,TRAIN
W-002689,TRAIN
W-003137,TRAIN
W-000132,TRAIN
W-000474,TRAIN
W-004553,TRAIN
W-003533,TRAIN
W-004657,TRAIN
W-003795,TRAIN
W-001518,TRAIN
W-000249,TRAIN
W-000374,TRAIN
W-000510,TRAIN
W-004710,TRAIN
W-001836,TRAIN
W-003474,TRAIN
W-000958,TRAIN
W-000411,TRAIN
W-000015,TRAIN
W-004232,TRAIN
W-000914,TRAIN
W-003519,TRAIN
W-004376,TRAIN
W-001134,TRAIN
W-003216,TRAIN
W-002959,TRAIN
W-003279,TRAIN
W-000011,TRAIN
W-001453,TRAIN
W-000853,TRAIN
W-004257,TRAIN
W-003036,TRAIN
W-003677,TRAIN
W-000390,TRAIN
W-003094,TRAIN
W-004438,TRAIN
W-003938,TRAIN
W-003175,TRAIN
W-004336,TRAIN
W-002353,TRAIN
W-004077,TRAIN
W-001554,TRAIN
W-002955,TRAIN
W-001791,TRAIN
W-000458,TRAIN
W-000219,TRAIN
W-001632,TRAIN
W-001057,TRAIN
W-004175,TRAIN
W-003715,TRAIN
W-002813,TRAIN
W-002091,TRAIN
W-001414,TRAIN
W-004871,TRAIN
W-004658,TRAIN
W-000673,TRAIN
W-002213,TRAIN
W-001017,TRAIN
W-002869,TRAIN
W-002355,TRAIN
W-003994,TRAIN
W-000796,TRAIN
W-000691,TRAIN
W-003834,TRAIN
W-003053,TRAIN
W-004419,TRAIN
W-000719,TRAIN
W-004291,TRAIN
W-004533,TRAIN
W-000695,TRAIN
W-003992,TRAIN
W-004259,TRAIN
W-004976,TRAIN
W-002394,TRAIN
W-004732,TRAIN
W-000572,TRAIN
W-004777,TRAIN
W-003191,TRAIN
W-003735,TRAIN
W-004736,TRAIN
W-004218,TRAIN
W-001357,TRAIN
W-000455,TRAIN
W-003651,TRAIN
W-003973,TRAIN
W-003574,TRAIN
W-002052,TRAIN
W-002309,TRAIN
W-001034,TRAIN
W-004909,TRAIN
W-000231,TRAIN
W-002291,TRAIN
W-002138,TRAIN
W-001050,TRAIN
W-000874,TRAIN
W-004396,TRAIN
W-004739,TRAIN
W-004113,TRAIN
W-001959,TRAIN
W-004073,TRAIN
W-001070,TRAIN
W-004370,TRAIN
W-002375,TRAIN
W-003499,TRAIN
W-002251,TRAIN
W-004851,TRAIN
W-002733,TRAIN
W-000035,TRAIN
W-004931,TRAIN
W-002775,TRAIN
W-001556,TRAIN
W-001154,TRAIN
W-004853,TRAIN
W-000179,TRAIN
W-004975,TRAIN
W-001953,TRAIN
W-000070,TRAIN
W-003294,TRAIN
W-001217,TRAIN
W-000213,TRAIN
W-004236,TRAIN
W-002294,TRAIN
W-000756,TRAIN
W-004573,TRAIN
W-001433,TRAIN
W-004055,TRAIN
W-004952,TRAIN
W-004552,TRAIN
W-003732,TRAIN
W-003976,TRAIN
W-001151,TRAIN
W-003558,TRAIN
W-000631,TRAIN
W-000938,TRAIN
W-002455,TRAIN
W-003534,TRAIN
W-002615,TRAIN
W-004058,TRAIN
W-001612,TRAIN
W-002476,TRAIN
W-002769,TRAIN
W-000234,TRAIN
W-003330,TRAIN
W-003636,TRAIN
W-001575,TRAIN
W-003711,TRAIN
W-001197,TRAIN
W-002798,TRAIN
W-003354,TRAIN
W-003417,TRAIN
W-002074,TRAIN
W-000549,TRAIN
W-002173,TRAIN
W-002692,TRAIN
W-000671,TRAIN
W-001910,TRAIN
W-001394,TRAIN
W-002517,TRAIN
W-004793,TRAIN
W-000472,TRAIN
W-000269,TRAIN
W-001049,TRAIN
W-001779,TRAIN
W-003270,TRAIN
W-004731,TRAIN
W-002737,TRAIN
W-000696,TRAIN
W-003215,TRAIN
W-004413,TRAIN
W-001133,TRAIN
W-002379,TRAIN
W-002313,TRAIN
W-004617,TRAIN
W-000773,TRAIN
W-000058,TRAIN
W-002337,TRAIN
W-002839,TRAIN
W-000054,TRAIN
W-000155,TRAIN
W-001711,TRAIN
W-003169,TRAIN
W-001852,TRAIN
W-000393,TRAIN
W-003469,TRAIN
W-000413,TRAIN
W-000595,TRAIN
W-000554,TRAIN
W-001451,TRAIN
W-001354,TRAIN
W-004110,TRAIN
W-002414,TRAIN
W-001853,TRAIN
W-001937,TRAIN
W-003131,TRAIN
W-001871,TRAIN
W-001437,TRAIN
W-003418,TRAIN
W-003591,TRAIN
W-002589,TRAIN
W-003539,TRAIN
W-001116,TRAIN
W-004670,TRAIN
W-002675,TRAIN
W-003012,TRAIN
W-001718,TRAIN
W-001589,TRAIN
W-001156,TRAIN
W-000832,TRAIN
W-002456,TRAIN
W-000755,TRAIN
W-000737,TRAIN
W-003091,TRAIN
W-003716,TRAIN
W-002790,TRAIN
W-000953,TRAIN
W-003274,TRAIN
W-000558,TRAIN
W-000211,TRAIN
W-003269,TRAIN
W-003955,TRAIN
W-002892,TRAIN
W-001374,TRAIN
W-001510,TRAIN
W-002796,TRAIN
W-002756,TRAIN
W-003058,TRAIN
W-002549,TRAIN
W-004053,TRAIN
W-004555,TRAIN
W-001729,TRAIN
W-004593,TRAIN
W-003730,TRAIN
W-002377,TRAIN
W-003213,TRAIN
W-001813,TRAIN
W-001336,TRAIN
W-001375,TRAIN
W-000134,TRAIN
W-004109,TRAIN
W-002152,TRAIN
W-003034,TRAIN
W-004493,TRAIN
W-004057,TRAIN
W-003032,TRAIN
W-002393,TRAIN
W-003030,TRAIN
W-003370,TRAIN
W-003172,TRAIN
W-004733,TRAIN
W-001058,TRAIN
W-003697,TRAIN
W-003832,TRAIN
W-004913,TRAIN
W-001439,TRAIN
W-004674,TRAIN
W-004551,TRAIN
W-003089,TRAIN
W-001372,TRAIN
W-003956,TRAIN
W-001938,TRAIN
W-002731,TRAIN
W-004872,TRAIN
W-000298,TRAIN
W-000175,TRAIN
W-001756,TRAIN
W-003916,TRAIN
W-001869,TRAIN
W-002037,TRAIN
W-001215,TRAIN
W-003299,TRAIN
W-004329,TRAIN
W-004516,TRAIN
W-002573,TRAIN
W-000296,TRAIN
W-003339,TRAIN
W-003596,TRAIN
W-000331,TRAIN
W-003117,TRAIN
W-002757,TRAIN
W-001970,TRAIN
W-000335,TRAIN
W-002853,TRAIN
W-004276,TRAIN
W-003497,TRAIN
W-003395,TRAIN
W-003278,TRAIN
W-001929,TRAIN
W-001693,TRAIN
W-002518,TRAIN
W-001851,TRAIN
W-003315,TRAIN
W-000758,TRAIN
W-000778,TRAIN
W-004599,TRAIN
W-000430,TRAIN
W-003712,TRAIN
W-000973,TRAIN
W-001812,TRAIN
W-001314,TRAIN
W-001192,TRAIN
W-000239,TRAIN
W-000256,TRAIN
W-001191,TRAIN
W-000214,TRAIN
W-002612,TRAIN
W-004537,TRAIN
W-004252,TRAIN
W-001313,TRAIN
W-002495,TRAIN
W-003858,TRAIN
W-003815,TRAIN
W-003931,TRAIN
W-002759,TRAIN
W-002618,TRAIN
W-000876,TRAIN
W-002293,TRAIN
W-001892,TRAIN
W-000189,TRAIN
W-002038,TRAIN
W-004278,TRAIN
W-002272,TRAIN
W-001198,TRAIN
W-000670,TRAIN
W-001279,TRAIN
W-001417,TRAIN
W-000934,TRAIN
W-003598,TRAIN
W-000798,TRAIN
W-001497,TRAIN
W-003814,TRAIN
W-001759,TRAIN
W-000039,TRAIN
W-002195,TRAIN
W-002070,TRAIN
W-004314,TRAIN
W-002174,TRAIN
W-000195,TRAIN
W-000276,TRAIN
W-001876,TRAIN
W-001298,TRAIN
W-002956,TRAIN
W-004152,TRAIN
W-004939,TRAIN
W-003654,TRAIN
W-001596,TRAIN
W-001029,TRAIN
W-000512,TRAIN
W-003538,TRAIN
W-000252,TRAIN
W-004392,TRAIN
W-000311,TRAIN
W-004417,TRAIN
W-003789,TRAIN
W-004098,TRAIN
W-001038,TRAIN
W-003297,TRAIN
W-003478,TRAIN
W-001256,TRAIN
W-000609,TRAIN
W-002151,TRAIN
W-000999,TRAIN
W-001390,TRAIN
W-003236,TRAIN
W-004715,TRAIN
W-002490,TRAIN
W-001269,TRAIN
W-002638,TRAIN
W-004694,TRAIN
W-004692,TRAIN
W-002333,TRAIN
W-003470,TRAIN
W-004354,TRAIN
W-001310,TRAIN
W-004074,TRAIN
W-003276,TRAIN
W-000708,TRAIN
W-000694,TRAIN
W-003975,TRAIN
W-001329,TRAIN
W-001854,TRAIN
W-002951,TRAIN
W-000533,TRAIN
W-000989,TRAIN
W-003553,TRAIN
W-004796,TRAIN
W-001695,TRAIN
W-000074,TRAIN
W-001832,TRAIN
W-002512,TRAIN
W-004499,TRAIN
W-002835,TRAIN
W-004389,TRAIN
W-000491,TRAIN
W-002958,TRAIN
W-001895,TRAIN
W-004115,TRAIN
W-002257,TRAIN
W-000732,TRAIN
W-001633,TRAIN
W-001376,TRAIN
W-002929,TRAIN
W-001829,TRAIN
W-004673,TRAIN
W-000218,TRAIN
W-003856,TRAIN
W-000089,TRAIN
W-004651,TRAIN
W-001954,TRAIN
W-003436,TRAIN
W-000955,TRAIN
W-003592,TRAIN
W-003612,TRAIN
W-002693,TRAIN
W-003613,TRAIN
W-003415,TRAIN
W-003357,TRAIN
W-003515,TRAIN
W-000912,TRAIN
W-001597,TRAIN
W-004070,TRAIN
W-004199,TRAIN
W-001811,TRAIN
W-000173,TRAIN
W-002477,TRAIN
W-004076,TRAIN
W-002057,TRAIN
W-002851,TRAIN
W-004713,TRAIN
W-000996,TRAIN
W-003230,TRAIN
W-001798,TRAIN
W-003835,TRAIN
W-004071,TRAIN
W-003195,TRAIN
W-000539,TRAIN
W-001750,TRAIN
W-004254,TRAIN
W-004399,TRAIN
W-004034,TRAIN
W-001292,TRAIN
W-004217,TRAIN
W-002209,TRAIN
W-004919,TRAIN
W-002856,TRAIN
W-002430,TRAIN
W-003392,TRAIN
W-000112,TRAIN
W-004830,TRAIN
W-000612,TRAIN
W-002369,TRAIN
W-004492,TRAIN
W-000949,TRAIN
W-002376,TRAIN
W-001911,TRAIN
W-001409,TRAIN
W-001569,TRAIN
W-002312,TRAIN
W-003750,TRAIN
W-003393,TRAIN
W-000309,TRAIN
W-001719,TRAIN
W-004911,TRAIN
W-001474,TRAIN
W-002550,TRAIN
W-000038,TRAIN
W-003209,TRAIN
W-002354,TRAIN
W-004450,TRAIN
W-001598,TRAIN
W-002072,TRAIN
W-002515,TRAIN
W-002977,TRAIN
W-000615,TRAIN
W-004835,TRAIN
W-003496,TRAIN
W-003151,TRAIN
W-003359,TRAIN
W-001155,TRAIN
W-002112,TRAIN
W-003255,TRAIN
W-000875,TRAIN
W-001411,TRAIN
W-000618,TRAIN
W-003754,TRAIN
W-001891,TRAIN
W-004935,TRAIN
W-001393,TRAIN
W-003659,TRAIN
W-001739,TRAIN
W-000757,TRAIN
W-000610,TRAIN
W-004391,TRAIN
W-003873,TRAIN
W-001150,TRAIN
W-004176,TRAIN
W-004672,TRAIN
W-004937,TRAIN
W-001513,TRAIN
W-000034,TRAIN
W-002273,TRAIN
W-004451,TRAIN
W-000889,TRAIN
W-004878,TRAIN
W-004237,TRAIN
W-004695,TRAIN
W-001132,TRAIN
W-004994,TRAIN
W-001890,TRAIN
W-004179,TRAIN
W-001690,TRAIN
W-004896,TRAIN
W-000818,TRAIN
W-004589,TRAIN
W-001489,TRAIN
W-003859,TRAIN
W-000797,TRAIN
W-004718,TRAIN
W-001416,TRAIN
W-004230,TRAIN
W-002317,TRAIN
W-004019,TRAIN
W-003194,TRAIN
W-002189,TRAIN
W-000255,TRAIN
W-004519,TRAIN
W-004172,TRAIN
W-004355,TRAIN
W-004279,TRAIN
W-001236,TRAIN
W-001591,TRAIN
W-002238,TRAIN
W-004210,TRAIN
W-002479,TRAIN
W-003453,TRAIN
W-002012,TRAIN
W-001615,TRAIN
W-004754,TRAIN
W-001833,TRAIN
W-003550,TRAIN
W-004052,TRAIN
W-004009,TRAIN
W-002651,TRAIN
W-000172,TRAIN
W-002957,TRAIN
W-003376,TRAIN
W-001135,TRAIN
W-000929,TRAIN
W-001875,TRAIN
W-001199,TRAIN
W-003634,TRAIN
W-001455,TRAIN
W-004514,TRAIN
W-001212,TRAIN
W-002179,TRAIN
W-001117,TRAIN
W-001072,TRAIN
W-002058,TRAIN
W-000835,TRAIN
W-002095,TRAIN
W-002196,TRAIN
W-001613,TRAIN
W-004653,TRAIN
W-001951,TRAIN
W-001755,TRAIN
W-004476,TRAIN
W-001552,TRAIN
W-004912,TRAIN
W-000919,TRAIN
W-001610,TRAIN
W-004214,TRAIN
W-001137,TRAIN
W-001774,TRAIN
W-002111,TRAIN
W-004574,TRAIN
W-003199,TRAIN
W-001196,TRAIN
W-001872,TRAIN
W-000854,TRAIN
W-000836,TRAIN
W-004372,TRAIN
W-001276,TRAIN
W-004337,TRAIN
W-004556,TRAIN
W-001157,TRAIN
W-004832,TRAIN
W-002279,TRAIN
W-004198,TRAIN
W-002829,TRAIN
W-002678,TRAIN
W-003790,TRAIN
W-001259,TRAIN
W-003337,TRAIN
W-000653,TRAIN
W-000434,TRAIN
W-001296,TRAIN
W-002751,TRAIN
W-003957,TRAIN
W-003494,TRAIN
W-000093,TRAIN
W-003849,TRAIN
W-001733,TRAIN
W-003353,TRAIN
W-002319,TRAIN
W-003318,TRAIN
W-001396,TRAIN
W-002999,TRAIN
W-000578,TRAIN
W-000597,TRAIN
W-004809,TRAIN
W-002975,TRAIN
W-002330,TRAIN
W-003698,TRAIN
W-002019,TRAIN
W-000770,TRAIN
W-004629,TRAIN
W-002299,TRAIN
W-001918,TRAIN
W-002439,TRAIN
W-001736,TRAIN
W-000616,TRAIN
W-000589,TRAIN
W-003174,TRAIN
W-003314,TRAIN
W-000389,TRAIN
W-002539,TRAIN
W-000469,TRAIN
W-001312,TRAIN
W-001611,TRAIN
W-004274,TRAIN
W-002015,TRAIN
W-004734,TRAIN
W-002055,TRAIN
W-004475,TRAIN
W-001219,TRAIN
W-000730,TRAIN
W-003159,TRAIN
W-002935,TRAIN
W-003675,TRAIN
W-003776,TRAIN
W-002891,TRAIN
W-002896,TRAIN
W-000090,TRAIN
W-002794,TRAIN
W-003557,TRAIN
W-004898,TRAIN
W-002576,TRAIN
W-003232,TRAIN
W-000294,TRAIN
W-000069,TRAIN
W-001293,TRAIN
W-000931,TRAIN
W-000734,TRAIN
W-000251,TRAIN
W-001099,TRAIN
W-004449,TRAIN
W-003498,TRAIN
W-000790,TRAIN
W-001189,TRAIN
W-001909,TRAIN
W-000979,TRAIN
W-001469,TRAIN
W-004951,TRAIN
W-003755,TRAIN
W-000414,TRAIN
W-002113,TRAIN
W-003733,TRAIN
W-004918,TRAIN
W-003577,TRAIN
W-002812,TRAIN
W-003757,TRAIN
W-000372,TRAIN
W-003211,TRAIN
W-000473,TRAIN
W-003555,TRAIN
W-004996,TRAIN
W-002529,TRAIN
W-004433,TRAIN
W-001599,TRAIN
W-004277,TRAIN
W-003650,TRAIN
W-000433,TRAIN
W-000916,TRAIN
W-001275,TRAIN
W-001533,TRAIN
W-000839,TRAIN
W-004338,TRAIN
W-000129,TRAIN
W-002938,TRAIN
W-003518,TRAIN
W-003951,TRAIN
W-001772,TRAIN
W-001211,TRAIN
W-002274,TRAIN
W-004151,TRAIN
W-002609,TRAIN
W-003609,TRAIN
W-004999,TRAIN
W-003109,TRAIN
W-001129,TRAIN
W-002217,TRAIN
W-004015,TRAIN
W-004415,TRAIN
W-004611,TRAIN
W-002036,TRAIN
W-002694,TRAIN
W-004735,TRAIN
W-000811,TRAIN
W-002650,TRAIN
W-004756,TRAIN
W-002236,TRAIN
W-003057,TRAIN
W-004819,TRAIN
W-002332,TRAIN
W-001493,TRAIN
W-002592,TRAIN
W-003416,TRAIN
W-003775,TRAIN
W-003249,TRAIN
W-000817,TRAIN
W-004474,TRAIN
W-000932,TRAIN
W-002335,TRAIN
W-003657,TRAIN
W-002415,TRAIN
W-004158,TRAIN
W-001676,TRAIN
W-003309,TRAIN
W-000150,TRAIN
W-004293,TRAIN
W-000451,TRAIN
W-000397,TRAIN
W-000639,TRAIN
W-000575,TRAIN
W-001635,TRAIN
W-004614,TRAIN
W-004910,TRAIN
W-002034,TRAIN
W-004834,TRAIN
W-002989,TRAIN
W-004133,TRAIN
W-001509,TRAIN
W-004849,TRAIN
W-001534,TRAIN
W-004592,TRAIN
W-000994,TRAIN
W-004558,TRAIN
W-000114,TRAIN
W-004530,TRAIN
W-004138,TRAIN
W-002511,TRAIN
W-000913,TRAIN
W-004571,TRAIN
W-003676,TRAIN
W-001273,TRAIN
W-000370,TRAIN
W-002610,TRAIN
W-002656,TRAIN
W-004031,TRAIN
W-004090,TRAIN
W-002569,TRAIN
W-004897,TRAIN
W-004557,TRAIN
W-004955,TRAIN
W-001330,TRAIN
W-000111,TRAIN
W-002253,TRAIN
W-001531,TRAIN
W-000395,TRAIN
W-003816,TRAIN
W-004294,TRAIN
W-001175,TRAIN
W-004579,TRAIN
W-003556,TRAIN
W-003429,TRAIN
W-002871,TRAIN
W-004089,TRAIN
W-003830,TRAIN
W-000619,TRAIN
W-004490,TRAIN
W-001752,TRAIN
W-003631,TRAIN
W-002691,TRAIN
W-003853,TRAIN
W-000809,TRAIN
W-004759,TRAIN
W-000091,TRAIN
W-000593,TRAIN
W-003356,TRAIN
W-002289,TRAIN
W-000376,TRAIN
W-003295,TRAIN
W-003812,TRAIN
W-002190,TRAIN
W-002873,TRAIN
W-001999,TRAIN
W-002878,TRAIN
W-002789,TRAIN
W-002690,TRAIN
W-001878,TRAIN
W-001570,TRAIN
W-004554,TRAIN
W-001254,TRAIN
W-001790,TRAIN
W-002773,TRAIN
W-002655,TRAIN
W-000450,TRAIN
W-003656,TRAIN
W-003218,TRAIN
W-002295,TRAIN
W-002718,TRAIN
W-001472,TRAIN
W-003552,TRAIN
W-002258,TRAIN
W-001096,TRAIN
W-000230,TRAIN
W-000898,TRAIN
W-000813,TRAIN
W-002316,TRAIN
W-002172,TRAIN
W-001995,TRAIN
W-004997,TRAIN
W-002255,TRAIN
W-004598,TRAIN
W-004938,TRAIN
W-004269,TRAIN
W-002577,TRAIN
W-001952,TRAIN
W-004773,TRAIN
W-000769,TRAIN
W-002194,TRAIN
W-000678,TRAIN
W-002696,TRAIN
W-003714,TRAIN
W-002409,TRAIN
W-003778,TRAIN
W-003098,TRAIN
W-001691,TRAIN
W-001917,TRAIN
W-001573,TRAIN
W-002538,TRAIN
W-003530,TRAIN
W-001093,TRAIN
W-002137,TRAIN
W-002976,TRAIN
W-003611,TRAIN
W-002413,TRAIN
W-004193,TRAIN
W-004775,TRAIN
W-001299,TRAIN
W-002859,TRAIN
W-001935,TRAIN
W-004769,TRAIN
W-000636,TRAIN
W-001431,TRAIN
W-000156,TRAIN
W-004719,TRAIN
W-000693,TRAIN
W-003958,TRAIN
W-003672,TRAIN
W-001119,TRAIN
W-004850,TRAIN
W-001973,TRAIN
W-002135,TRAIN
W-000229,TRAIN
W-001429,TRAIN
W-000596,TRAIN
W-003935,TRAIN
W-001110,TRAIN
W-002699,TRAIN
W-002230,TRAIN
W-002658,TRAIN
W-004509,TRAIN
W-004856,TRAIN
W-000555,TRAIN
W-002275,TRAIN
W-001956,TRAIN
W-001713,TRAIN
W-000290,TRAIN
W-004239,TRAIN
W-004649,TRAIN
W-000096,TRAIN
W-004331,TRAIN
W-001233,TRAIN
W-003177,TRAIN
W-003670,TRAIN
W-003292,TRAIN
W-000375,TRAIN
W-002556,TRAIN
W-000937,TRAIN
W-003411,TRAIN
W-003149,TRAIN
W-002450,TRAIN
W-001350,TRAIN
W-003939,TRAIN
W-000717,TRAIN
W-000475,TRAIN
W-000777,TRAIN
W-000314,TRAIN
W-003377,TRAIN
W-003154,TRAIN
W-003678,TRAIN
W-000679,TRAIN
W-004455,TRAIN
W-003738,TRAIN
W-004639,TRAIN
W-003710,TRAIN
W-000492,TRAIN
W-002418,TRAIN
W-002698,TRAIN
W-004233,TRAIN
W-004059,TRAIN
W-001831,TRAIN
W-002571,TRAIN
W-004209,TRAIN
W-001352,TRAIN
W-000079,TRAIN
W-004838,TRAIN
W-003319,TRAIN
W-003333,TRAIN
W-003551,TRAIN
W-003614,TRAIN
W-002191,TRAIN
W-002449,TRAIN
W-000812,TRAIN
W-002458,TRAIN
W-001579,TRAIN
W-001012,TRAIN
W-003799,TRAIN
W-001053,TRAIN
W-001177,TRAIN
W-000257,TRAIN
W-000135,TRAIN
W-001816,TRAIN
W-004498,TRAIN
W-001978,TRAIN
W-002416,TRAIN
W-000893,TRAIN
W-004375,TRAIN
W-002176,TRAIN
W-004737,TRAIN
W-001172,TRAIN
W-001373,TRAIN
W-004750,TRAIN
W-000976,TRAIN
W-000350,TRAIN
W-003838,TRAIN
W-002792,TRAIN
W-003618,TRAIN
W-004129,TRAIN
W-002998,TRAIN
W-002338,TRAIN
W-003237,TRAIN
W-003952,TRAIN
W-000957,TRAIN
W-003569,TRAIN
W-002695,TRAIN
W-004518,TRAIN
W-001715,TRAIN
W-000419,TRAIN
W-001734,TRAIN
W-002753,TRAIN
W-001697,TRAIN
W-004815,TRAIN
W-003877,TRAIN
W-003798,TRAIN
W-003233,TRAIN
W-001675,TRAIN
W-002834,TRAIN
W-004017,TRAIN
W-003458,TRAIN
W-004619,TRAIN
W-000655,TRAIN
W-002669,TRAIN
W-003933,TRAIN
W-001237,TRAIN
W-004318,TRAIN
W-004078,TRAIN
W-001052,TRAIN
W-001278,TRAIN
W-004135,TRAIN
W-000233,TRAIN
W-001619,TRAIN
W-003193,TRAIN
W-002595,TRAIN
W-000559,TRAIN
W-002192,TRAIN
W-001459,TRAIN
W-001678,TRAIN
W-004789,TRAIN
W-000697,TRAIN
W-003350,TRAIN
W-000198,TRAIN
W-004272,TRAIN
W-003455,TRAIN
W-002674,TRAIN
W-002115,TRAIN
W-004192,TRAIN
W-002235,TRAIN
W-000650,TRAIN
W-002452,TRAIN
W-003630,TRAIN
W-000910,TRAIN
W-001210,TRAIN
W-002216,TRAIN
W-001939,TRAIN
W-001152,TRAIN
W-004189,TRAIN
W-004859,TRAIN
W-000751,TRAIN
W-004816,TRAIN
W-003329,TRAIN
W-003690,TRAIN
W-001074,TRAIN
W-002412,TRAIN
W-000752,TRAIN
W-001055,TRAIN
W-003536,TRAIN
W-003635,TRAIN
W-004836,TRAIN
W-001936,TRAIN
W-002315,TRAIN
W-001793,TRAIN
W-003050,TRAIN
W-004054,TRAIN
W-000509,TRAIN
W-004995,TRAIN
W-002510,TRAIN
W-004072,TRAIN
W-002149,TRAIN
W-001753,TRAIN
W-002636,TRAIN
W-000359,TRAIN
W-004256,TRAIN
W-000355,TRAIN
W-002535,TRAIN
W-001858,TRAIN
W-001490,TRAIN
W-001054,TRAIN
W-001335,TRAIN
W-004770,TRAIN
W-004959,TRAIN
W-000577,TRAIN
W-002150,TRAIN
W-003235,TRAIN
W-001076,TRAIN
W-003836,TRAIN
W-004758,TRAIN
W-000493,TRAIN
W-004155,TRAIN
W-004534,TRAIN
W-001732,TRAIN
W-004196,TRAIN
W-002009,TRAIN
W-003254,TRAIN
W-002329,TRAIN
W-003312,TRAIN
W-004852,TRAIN
W-002814,TRAIN
W-002635,TRAIN
W-004709,TRAIN
W-001819,TRAIN
W-003753,TRAIN
W-003454,TRAIN
W-000592,TRAIN
W-000534,TRAIN
W-004356,TRAIN
W-001258,TRAIN
W-002833,TRAIN
W-002875,TRAIN
W-001578,TRAIN
W-001655,TRAIN
W-000855,TRAIN
W-001594,TRAIN
W-002730,TRAIN
W-003334,TRAIN
W-003178,TRAIN
W-003015,TRAIN
W-000095,TRAIN
W-000014,TRAIN
W-003379,TRAIN
W-003537,TRAIN
W-001458,TRAIN
W-002493,TRAIN
W-004069,TRAIN
W-000672,TRAIN
W-000193,TRAIN
W-003971,TRAIN
W-001371,TRAIN
W-004397,TRAIN
W-002593,TRAIN
W-004513,TRAIN
W-004495,TRAIN
W-002591,TRAIN
W-001294,TRAIN
W-000637,TRAIN
W-004539,TRAIN
W-000859,TRAIN
W-004778,TRAIN
W-002497,TRAIN
W-001257,TRAIN
W-002676,TRAIN
W-000216,TRAIN
W-000454,TRAIN
W-000036,TRAIN
W-000739,TRAIN
W-004676,TRAIN
W-002991,TRAIN
W-004436,TRAIN
W-004258,TRAIN
W-003949,TRAIN
W-004916,TRAIN
W-003473,TRAIN
W-002331,TRAIN
W-003051,TRAIN
W-000297,TRAIN
W-004814,TRAIN
W-000254,TRAIN
W-003153,TRAIN
W-003751,TRAIN
W-000118,TRAIN
W-003096,TRAIN
W-000496,TRAIN
W-004833,TRAIN
W-001491,TRAIN
W-000712,TRAIN
W-000535,TRAIN
W-000190,TRAIN
W-002158,TRAIN
W-002849,TRAIN
W-000775,TRAIN
W-000139,TRAIN
W-003059,TRAIN
W-002014,TRAIN
W-001873,TRAIN
W-001015,TRAIN
W-002832,TRAIN
W-000550,TRAIN
W-004211,TRAIN
W-000115,TRAIN
W-002916,TRAIN
W-002672,TRAIN
W-001818,TRAIN
W-003179,TRAIN
W-000312,TRAIN
W-000497,TRAIN
W-002398,TRAIN
W-000873,TRAIN
W-003573,TRAIN
W-000318,TRAIN
W-001977,TRAIN
W-002952,TRAIN
W-001657,TRAIN
W-002811,TRAIN
W-004511,TRAIN
W-003694,TRAIN
W-001731,TRAIN
W-002596,TRAIN
W-000329,TRAIN
W-001555,TRAIN
W-000992,TRAIN
W-001714,TRAIN
W-002175,TRAIN
W-000692,TRAIN
W-000037,TRAIN
W-002717,TRAIN
W-000939,TRAIN
W-003833,TRAIN
W-002178,TRAIN
W-004439,TRAIN
W-002632,TRAIN
W-003892,TRAIN
W-004195,TRAIN
W-003256,TRAIN
W-004197,TRAIN
W-002250,TRAIN
W-001438,TRAIN
W-001559,TRAIN
W-003338,TRAIN
W-003649,TRAIN
W-002259,TRAIN
W-000830,TRAIN
W-003009,TRAIN
W-003332,TRAIN
W-001149,TRAIN
W-002719,TRAIN
W-000829,TRAIN
W-001650,TRAIN
W-002639,TRAIN
W-000153,TRAIN
W-001454,TRAIN
W-001272,TRAIN
W-003829,TRAIN
W-004979,TRAIN
W-001879,TRAIN
W-000537,TRAIN
W-001339,TRAIN
W-004697,TRAIN
W-000010,TRAIN
W-004312,TRAIN
W-004489,TRAIN
W-000275,TRAIN
W-001709,TRAIN
W-000579,TRAIN
W-000710,TRAIN
W-003258,TRAIN
W-001789,TRAIN
W-004993,TRAIN
W-000409,TRAIN
W-004094,TRAIN
W-003452,TRAIN
W-000971,TRAIN
W-003749,TRAIN
W-000031,TRAIN
W-002352,TRAIN
W-001218,TRAIN
W-002729,TRAIN
W-002994,TRAIN
W-004837,TRAIN
W-004359,TRAIN
W-000317,TRAIN
W-002797,TRAIN
W-001653,TRAIN
W-002616,TRAIN
W-003695,TRAIN
W-001113,TRAIN
W-003572,TRAIN
W-000157,TRAIN
W-004633,TRAIN
W-003792,TRAIN
W-003759,TRAIN
W-001571,TRAIN
W-004079,TRAIN
W-001658,TRAIN
W-000794,TRAIN
W-004998,TRAIN
W-002079,TRAIN
W-002391,TRAIN
W-004538,TRAIN
W-000259,TRAIN
W-001538,TRAIN
W-003110,TRAIN
W-004311,TRAIN
W-004654,TRAIN
W-000354,TRAIN
W-002777,TRAIN
W-000514,TRAIN
W-004296,TRAIN
W-000936,TRAIN
W-003192,TRAIN
W-000556,TRAIN
W-001757,TRAIN
W-000337,TRAIN
W-001473,TRAIN
W-003619,TRAIN
W-002954,TRAIN
W-000398,TRAIN
W-004717,TRAIN
W-001689,TRAIN
W-002378,TRAIN
W-003450,TRAIN
W-003699,TRAIN
W-002153,TRAIN
W-000599,TRAIN
W-001392,TRAIN
W-000954,TRAIN
W-003752,TRAIN
W-003633,TRAIN
W-003150,TRAIN
W-003774,TRAIN
W-001916,TRAIN
W-004437,TRAIN
W-001410,TRAIN
W-001290,TRAIN
W-000856,TRAIN
W-001776,TRAIN
W-003293,TRAIN
W-004771,TRAIN
W-003876,TRAIN
W-002198,TRAIN
W-002114,TRAIN
W-002558,TRAIN
W-003472,TRAIN
W-003679,TRAIN
W-000713,TRAIN
W-001331,TRAIN
W-002930,TRAIN
W-002211,TRAIN
W-002732,TRAIN
W-000614,TRAIN
W-004479,TRAIN
W-001450,TRAIN
W-003430,TRAIN
W-001870,TRAIN
W-003272,TRAIN
W-000133,TRAIN
W-004630,TRAIN
W-001477,TRAIN
W-000349,TRAIN
W-004698,TRAIN
W-003019,TRAIN
W-003653,TRAIN
W-001972,TRAIN
W-004635,TRAIN
W-003136,TRAIN
W-000429,TRAIN
W-001075,TRAIN
W-004473,TRAIN
W-000119,TRAIN
W-001817,TRAIN
W-004757,TRAIN
W-003857,TRAIN
W-004452,TRAIN
W-000033,TRAIN
W-003072,TRAIN
W-004729,TRAIN
W-003972,TRAIN
W-000073,TRAIN
W-000159,TRAIN
W-003373,TRAIN
W-004529,TRAIN
W-003372,TRAIN
W-002978,TRAIN
W-001673,TRAIN
W-000291,TRAIN
W-002252,TRAIN
W-002049,TRAIN
W-001356,TRAIN
W-002334,TRAIN
W-003491,TRAIN
W-003239,TRAIN
W-003457,TRAIN
W-003399,TRAIN
W-002232,TRAIN
W-002774,TRAIN
W-001337,TRAIN
W-000969,TRAIN
W-002534,TRAIN
W-001809,TRAIN
W-003998,TRAIN
W-004351,TRAIN
W-002433,TRAIN
W-004310,TRAIN
W-003969,TRAIN
W-004357,TRAIN
W-004093,TRAIN
W-002234,TRAIN
W-001115,TRAIN
W-003610,TRAIN
W-003092,TRAIN
W-000871,TRAIN
W-004776,TRAIN
W-001997,TRAIN
W-004811,TRAIN
W-000990,TRAIN
W-003872,TRAIN
W-000849,VALIDATION
W-001993,VALIDATION
W-003909,VALIDATION
W-001989,VALIDATION
W-004879,VALIDATION
W-002990,VALIDATION
W-000489,VALIDATION
W-001095,VALIDATION
W-004933,VALIDATION
W-001351,VALIDATION
W-003993,VALIDATION
W-004177,VALIDATION
W-000570,VALIDATION
W-000012,VALIDATION
W-004889,VALIDATION
W-000658,VALIDATION
W-000774,VALIDATION
W-000009,VALIDATION
W-001476,VALIDATION
W-002870,VALIDATION
W-004470,VALIDATION
W-000791,VALIDATION
W-001797,VALIDATION
W-001992,VALIDATION
W-000236,VALIDATION
W-004917,VALIDATION
W-004153,VALIDATION
W-001696,VALIDATION
W-000109,VALIDATION
W-002973,VALIDATION
W-002116,VALIDATION
W-003033,VALIDATION
W-000557,VALIDATION
W-001073,VALIDATION
W-004978,VALIDATION
W-003731,VALIDATION
W-001629,VALIDATION
W-002453,VALIDATION
W-000494,VALIDATION
W-004914,VALIDATION
W-004977,VALIDATION
W-003075,VALIDATION
W-003854,VALIDATION
W-000872,VALIDATION
W-000456,VALIDATION
W-003936,VALIDATION
W-002659,VALIDATION
W-004255,VALIDATION
W-000371,VALIDATION
W-000698,VALIDATION
W-000998,VALIDATION
W-004595,VALIDATION
W-000573,VALIDATION
W-004134,VALIDATION
W-003911,VALIDATION
W-001094,VALIDATION
W-000857,VALIDATION
W-001991,VALIDATION
W-002779,VALIDATION
W-002435,VALIDATION
W-003212,VALIDATION
W-003509,VALIDATION
W-004958,VALIDATION
W-003737,VALIDATION
W-002736,VALIDATION
W-001796,VALIDATION
W-003477,VALIDATION
W-001931,VALIDATION
W-003796,VALIDATION
W-001889,VALIDATION
W-002778,VALIDATION
W-000895,VALIDATION
W-000258,VALIDATION
W-004930,VALIDATION
W-002130,VALIDATION
W-002231,VALIDATION
W-003259,VALIDATION
W-001159,VALIDATION
W-003369,VALIDATION
W-001773,VALIDATION
W-001195,VALIDATION
W-001270,VALIDATION
W-002010,VALIDATION
W-002855,VALIDATION
W-000956,VALIDATION
W-003018,VALIDATION
W-000552,VALIDATION
W-001795,VALIDATION
W-004469,VALIDATION
W-003756,VALIDATION
W-002177,VALIDATION
W-001171,VALIDATION
W-004973,VALIDATION
W-003719,VALIDATION
W-000950,VALIDATION
W-002795,VALIDATION
W-000478,VALIDATION
W-003116,VALIDATION
W-002033,VALIDATION
W-001397,VALIDATION
W-003289,VALIDATION
W-003374,VALIDATION
W-000013,VALIDATION
W-000099,VALIDATION
W-002099,VALIDATION
W-001457,VALIDATION
W-001799,VALIDATION
W-002934,VALIDATION
W-000933,VALIDATION
W-004712,VALIDATION
W-003173,VALIDATION
W-004229,VALIDATION
W-001138,VALIDATION
W-001958,VALIDATION
W-000470,VALIDATION
W-002735,VALIDATION
W-004379,VALIDATION
W-003594,VALIDATION
W-001716,VALIDATION
W-001649,VALIDATION
W-003652,VALIDATION
W-000215,VALIDATION
W-003615,VALIDATION
W-001317,VALIDATION
W-002590,VALIDATION
W-000333,VALIDATION
W-001656,VALIDATION
W-003570,VALIDATION
W-002893,VALIDATION
W-004453,VALIDATION
W-004929,VALIDATION
W-001176,VALIDATION
W-000633,VALIDATION
W-002011,VALIDATION
W-004471,VALIDATION
W-003138,VALIDATION
W-004117,VALIDATION
W-002296,VALIDATION
W-001530,VALIDATION
W-004249,VALIDATION
W-002310,VALIDATION
W-002633,VALIDATION
W-002818,VALIDATION
W-001069,VALIDATION
W-004454,VALIDATION
W-004798,VALIDATION
W-004456,VALIDATION
W-000977,VALIDATION
W-004011,VALIDATION
W-000149,VALIDATION
W-002996,VALIDATION
W-002119,VALIDATION
W-001456,VALIDATION
W-001370,VALIDATION
W-000649,VALIDATION
W-004512,VALIDATION
W-004298,VALIDATION
W-003198,VALIDATION
W-000795,VALIDATION
W-003709,VALIDATION
W-000530,VALIDATION
W-003277,VALIDATION
W-002039,VALIDATION
W-001170,VALIDATION
W-003910,VALIDATION
W-004774,VALIDATION
W-000591,VALIDATION
W-004791,VALIDATION
W-001019,VALIDATION
W-004755,VALIDATION
W-000793,VALIDATION
W-004154,VALIDATION
W-002016,VALIDATION
W-002652,VALIDATION
W-002594,VALIDATION
W-004569,VALIDATION
W-004335,VALIDATION
W-004119,VALIDATION
W-001897,VALIDATION
W-000177,VALIDATION
W-002396,VALIDATION
W-000453,VALIDATION
W-000289,VALIDATION
W-001792,VALIDATION
W-001297,VALIDATION
W-002499,VALIDATION
W-001839,VALIDATION
W-001033,VALIDATION
W-000299,VALIDATION
W-003250,VALIDATION
W-000735,VALIDATION
W-001671,VALIDATION
W-000171,VALIDATION
W-000113,VALIDATION
W-002351,VALIDATION
W-002389,VALIDATION
W-002092,VALIDATION
W-001651,VALIDATION
W-003997,VALIDATION
W-002830,VALIDATION
W-004118,VALIDATION
W-000210,VALIDATION
W-001032,VALIDATION
W-003158,VALIDATION
W-001979,VALIDATION
W-003689,VALIDATION
W-000418,VALIDATION
W-004678,VALIDATION
W-000590,VALIDATION
W-002537,VALIDATION
W-000505,VALIDATION
W-003115,VALIDATION
W-003459,VALIDATION
W-003839,VALIDATION
W-004752,VALIDATION
W-002054,VALIDATION
W-000018,VALIDATION
W-004390,VALIDATION
W-001971,VALIDATION
W-003970,VALIDATION
W-003214,VALIDATION
W-002629,VALIDATION
W-002434,VALIDATION
W-000991,VALIDATION
W-004812,VALIDATION
W-000459,VALIDATION
W-003989,VALIDATION
W-002949,VALIDATION
W-002094,VALIDATION
W-003013,VALIDATION
W-000237,VALIDATION
W-000634,VALIDATION
W-004411,VALIDATION
W-003517,VALIDATION
W-003617,VALIDATION
W-000457,VALIDATION
W-000051,VALIDATION
W-004531,VALIDATION
W-000816,VALIDATION
W-002093,VALIDATION
W-004892,VALIDATION
W-001092,VALIDATION
W-000677,VALIDATION
W-002838,VALIDATION
W-002914,VALIDATION
W-001751,VALIDATION
W-004974,VALIDATION
W-001131,VALIDATION
W-004874,VALIDATION
W-001894,VALIDATION
W-003773,VALIDATION
W-002509,VALIDATION
W-000174,VALIDATION
W-001535,VALIDATION
W-003152,VALIDATION
W-000878,VALIDATION
W-001169,VALIDATION
W-004839,VALIDATION
W-004234,VALIDATION
W-002552,VALIDATION
W-002109,VALIDATION
W-003894,VALIDATION
W-003590,VALIDATION
W-004616,VALIDATION
W-003119,VALIDATION
W-002090,VALIDATION
W-004458,VALIDATION
W-003210,VALIDATION
W-000517,VALIDATION
W-000338,VALIDATION
W-002169,VALIDATION
W-000053,VALIDATION
W-001694,VALIDATION
W-002454,VALIDATION
W-002772,VALIDATION
W-004289,VALIDATION
W-001771,VALIDATION
W-000890,VALIDATION
W-004317,VALIDATION
W-000136,VALIDATION
W-001994,VALIDATION
W-003078,VALIDATION
W-004949,VALIDATION
W-001519,VALIDATION
W-003531,VALIDATION
W-000611,VALIDATION
W-001255,VALIDATION
W-002392,VALIDATION
W-003071,VALIDATION
W-000935,VALIDATION
W-003777,VALIDATION
W-001253,VALIDATION
W-003549,VALIDATION
W-004576,VALIDATION
W-000097,VALIDATION
W-002671,VALIDATION
W-001758,VALIDATION
W-004590,VALIDATION
W-003273,VALIDATION
W-004936,VALIDATION
W-004099,VALIDATION
W-000016,VALIDATION
W-003593,VALIDATION
W-002836,VALIDATION
W-002372,VALIDATION
W-001699,VALIDATION
W-002139,VALIDATION
W-003629,VALIDATION
W-000810,VALIDATION
W-001775,VALIDATION
W-003197,VALIDATION
W-001173,VALIDATION
W-002950,VALIDATION
W-003950,VALIDATION
W-001349,VALIDATION
W-003449,VALIDATION
W-002630,VALIDATION
W-001318,VALIDATION
W-000399,VALIDATION
W-003229,VALIDATION
W-002156,VALIDATION
W-003139,VALIDATION
W-002915,VALIDATION
W-003729,VALIDATION
W-003512,VALIDATION
W-000270,VALIDATION
W-001379,VALIDATION
W-002357,VALIDATION
W-001777,VALIDATION
W-001013,VALIDATION
W-003134,VALIDATION
W-002051,VALIDATION
W-002076,VALIDATION
W-002631,VALIDATION
W-004691,VALIDATION
W-004690,VALIDATION
W-002810,VALIDATION
W-001295,VALIDATION
W-004414,VALIDATION
W-003599,VALIDATION
W-002219,VALIDATION
W-003571,VALIDATION
W-001669,VALIDATION
W-001498,VALIDATION
W-000417,VALIDATION
W-004610,VALIDATION
W-001251,VALIDATION
W-004251,VALIDATION
W-001859,VALIDATION
W-002399,VALIDATION
W-004033,VALIDATION
W-004038,VALIDATION
W-004036,VALIDATION
W-001558,VALIDATION
W-001930,VALIDATION
W-003511,VALIDATION
W-001229,VALIDATION
W-002755,VALIDATION
W-002237,VALIDATION
W-001178,VALIDATION
W-004049,VALIDATION
W-002134,VALIDATION
W-002117,VALIDATION
W-003632,VALIDATION
W-004612,VALIDATION
W-000436,VALIDATION
W-001252,VALIDATION
W-000310,VALIDATION
W-000594,VALIDATION
W-003589,VALIDATION
W-002470,VALIDATION
W-000715,VALIDATION
W-001512,VALIDATION
W-001949,VALIDATION
W-003331,VALIDATION
W-001077,VALIDATION
W-000295,VALIDATION
W-001334,VALIDATION
W-001036,VALIDATION
W-003251,VALIDATION
W-003671,VALIDATION
W-002478,VALIDATION
W-004693,VALIDATION
W-003978,VALIDATION
W-002336,VALIDATION
W-001436,VALIDATION
W-004238,VALIDATION
W-002419,VALIDATION
W-003693,VALIDATION
W-003831,VALIDATION
W-003914,VALIDATION
W-004410,VALIDATION
W-002298,VALIDATION
W-003375,VALIDATION
W-002852,VALIDATION
W-000278,VALIDATION
W-000532,VALIDATION
W-002874,VALIDATION
W-000101,VALIDATION
W-000158,VALIDATION
W-004873,VALIDATION
W-004418,VALIDATION
W-001532,VALIDATION
W-004594,VALIDATION
W-002932,VALIDATION
W-002910,VALIDATION
W-004273,VALIDATION
W-004394,VALIDATION
W-003231,VALIDATION
W-001492,VALIDATION
W-004316,VALIDATION
W-003219,VALIDATION
W-004671,VALIDATION
W-004656,VALIDATION
W-003890,VALIDATION
W-003597,VALIDATION
W-001338,VALIDATION
W-004596,VALIDATION
W-001398,VALIDATION
W-002889,VALIDATION
W-002858,VALIDATION
W-004416,VALIDATION
W-001933,VALIDATION
W-004550,VALIDATION
W-004794,VALIDATION
W-003097,VALIDATION
W-004989,VALIDATION
W-001274,VALIDATION
W-004536,VALIDATION
W-000771,VALIDATION
W-004895,VALIDATION
W-002677,VALIDATION
W-000598,VALIDATION
W-000690,VALIDATION
W-001692,VALIDATION
W-002271,VALIDATION
W-001592,VALIDATION
W-004014,VALIDATION
W-003419,VALIDATION
W-004631,VALIDATION
W-004173,VALIDATION
W-003791,VALIDATION
W-001031,VALIDATION
W-004150,VALIDATION
W-002494,VALIDATION
W-004572,VALIDATION
W-004018,VALIDATION
W-004855,VALIDATION
W-002374,VALIDATION
W-004799,VALIDATION
W-002519,VALIDATION
W-002233,VALIDATION
W-003351,VALIDATION
W-003157,VALIDATION
W-002637,VALIDATION
W-003493,VALIDATION
W-003851,VALIDATION
W-002598,VALIDATION
W-000709,VALIDATION
W-000431,VALIDATION
W-000352,VALIDATION
W-003934,VALIDATION
W-001794,VALIDATION
W-004679,VALIDATION
W-004435,VALIDATION
W-000869,VALIDATION
W-000674,VALIDATION
W-002018,VALIDATION
W-004869,VALIDATION
W-002872,VALIDATION
W-001957,VALIDATION
W-002429,VALIDATION
W-003489,VALIDATION
W-001893,VALIDATION
W-002514,VALIDATION
W-001617,VALIDATION
W-001637,VALIDATION
W-001899,VALIDATION
W-000676,VALIDATION
W-001710,VALIDATION
W-001471,VALIDATION
W-004689,VALIDATION
W-001118,VALIDATION
W-003771,VALIDATION
W-002850,VALIDATION
W-001250,VALIDATION
W-004990,VALIDATION
W-001639,VALIDATION
W-004309,VALIDATION
W-002089,VALIDATION
W-003112,VALIDATION
W-003616,VALIDATION
W-004333,VALIDATION
W-003316,VALIDATION
W-004457,VALIDATION
W-002031,VALIDATION
W-001378,VALIDATION
W-001770,VALIDATION
W-001810,VALIDATION
W-003769,VALIDATION
W-001419,VALIDATION
W-001479,VALIDATION
W-002457,VALIDATION
W-004591,VALIDATION
W-003818,VALIDATION
W-001234,VALIDATION
W-003718,VALIDATION
W-004051,VALIDATION
W-000759,VALIDATION
W-004858,VALIDATION
W-000351,VALIDATION
W-001915,VALIDATION
W-001850,VALIDATION
W-001636,VALIDATION
W-000293,VALIDATION
W-004792,VALIDATION
W-004032,VALIDATION
W-002096,VALIDATION
W-000415,VALIDATION
W-000911,VALIDATION
W-003953,VALIDATION
W-000750,VALIDATION
W-002551,VALIDATION
W-001090,VALIDATION
W-000217,VALIDATION
W-003431,VALIDATION
W-001018,VALIDATION
W-003155,VALIDATION
W-000896,VALIDATION
W-000055,VALIDATION
W-003451,VALIDATION
W-003397,VALIDATION
W-002877,VALIDATION
W-004934,VALIDATION
W-003739,VALIDATION
W-001238,VALIDATION
W-003056,VALIDATION
W-003837,VALIDATION
W-003069,VALIDATION
W-004349,VALIDATION
W-002993,VALIDATION
W-000137,VALIDATION
W-002970,VALIDATION
W-002913,VALIDATION
W-000078,VALIDATION
W-001572,VALIDATION
W-000716,VALIDATION
W-003079,VALIDATION
W-003995,VALIDATION
W-001209,VALIDATION
W-001452,VALIDATION
W-002432,TEST
W-000718,TEST
W-001896,TEST
W-002597,TEST
W-002297,TEST
W-000635,TEST
W-004992,TEST
W-002533,TEST
W-000110,TEST
W-004491,TEST
W-000438,TEST
W-003891,TEST
W-002754,TEST
W-003113,TEST
W-003129,TEST
W-002969,TEST
W-002473,TEST
W-001499,TEST
W-003673,TEST
W-000071,TEST
W-002339,TEST
W-000396,TEST
W-001071,TEST
W-000357,TEST
W-003435,TEST
W-003074,TEST
W-004677,TEST
W-004313,TEST
W-004857,TEST
W-002899,TEST
W-002229,TEST
W-002939,TEST
W-002714,TEST
W-001618,TEST
W-002069,TEST
W-001638,TEST
W-001333,TEST
W-000819,TEST
W-004174,TEST
W-002995,TEST
W-002572,TEST
W-003932,TEST
W-002574,TEST
W-001332,TEST
W-004299,TEST
W-004434,TEST
W-001515,TEST
W-001449,TEST
W-001009,TEST
W-002370,TEST
W-000449,TEST
W-001478,TEST
W-001230,TEST
W-001098,TEST
W-004131,TEST
W-001030,TEST
W-002911,TEST
W-000292,TEST
W-003871,TEST
W-002471,TEST
W-003889,TEST
W-000050,TEST
W-002912,TEST
W-003313,TEST
W-004877,TEST
W-004398,TEST
W-000332,TEST
W-001109,TEST
W-000479,TEST
W-002496,TEST
W-003736,TEST
W-003579,TEST
W-004894,TEST
W-003772,TEST
W-004634,TEST
W-004216,TEST
W-002078,TEST
W-004478,TEST
W-002909,TEST
W-004535,TEST
W-002254,TEST
W-000432,TEST
W-000707,TEST
W-001517,TEST
W-002931,TEST
W-004817,TEST
W-002837,TEST
W-002491,TEST
W-000632,TEST
W-001849,TEST
W-002553,TEST
W-002816,TEST
W-002438,TEST
W-001549,TEST
W-000152,TEST
W-001749,TEST
W-003895,TEST
W-003637,TEST
W-002136,TEST
W-004191,TEST
W-001975,TEST
W-001097,TEST
W-004373,TEST
W-001577,TEST
W-001277,TEST
W-004515,TEST
W-001271,TEST
W-002474,TEST
W-004231,TEST
W-004430,TEST
W-002359,TEST
W-001193,TEST
W-002613,TEST
W-004609,TEST
W-001377,TEST
W-004039,TEST
W-002397,TEST
W-003669,TEST
W-001913,TEST
W-004652,TEST
W-002992,TEST
W-000917,TEST
W-002269,TEST
W-001898,TEST
W-003977,TEST
W-002131,TEST
W-002953,TEST
W-001037,TEST
W-000652,TEST
W-002831,TEST
W-000736,TEST
W-002110,TEST
W-003691,TEST
W-000714,TEST
W-000972,TEST
W-003954,TEST
W-001670,TEST
W-001837,TEST
W-004891,TEST
W-000178,TEST
W-004991,TEST
W-004637,TEST
W-002035,TEST
W-000879,TEST
W-003490,TEST
W-000391,TEST
W-001399,TEST
W-001194,TEST
W-001470,TEST
W-004056,TEST
W-003912,TEST
W-004790,TEST
W-003578,TEST
W-003135,TEST
W-001153,TEST
W-001674,TEST
W-002436,TEST
W-001778,TEST
W-001136,TEST
W-001659,TEST
W-000196,TEST
W-003070,TEST
W-002917,TEST
W-001139,TEST
W-000975,TEST
W-002559,TEST
W-002417,TEST
W-000274,TEST
W-002738,TEST
W-002133,TEST
W-001432,TEST
W-002017,TEST
W-000378,TEST
W-002557,TEST
W-001536,TEST
W-001874,TEST
W-001912,TEST
W-000192,TEST
W-004330,TEST
W-000334,TEST
W-000315,TEST
W-004136,TEST
W-004429,TEST
W-001855,TEST
W-003335,TEST
W-003111,TEST
W-000056,TEST
W-004699,TEST
W-002599,TEST
W-002516,TEST
W-002654,TEST
W-002974,TEST
W-001174,TEST
W-002157,TEST
W-003979,TEST
W-003898,TEST
W-000515,TEST
W-000279,TEST
W-003513,TEST
W-002673,TEST
W-003896,TEST
W-003031,TEST
W-003811,TEST
W-003658,TEST
W-000052,TEST
W-002575,TEST
W-002371,TEST
W-004751,TEST
W-004659,TEST
W-001232,TEST
W-000789,TEST
W-004772,TEST
W-000978,TEST
W-000319,TEST
W-003897,TEST
W-002218,TEST
W-001976,TEST
W-001418,TEST
W-002489,TEST
W-000094,TEST
W-002634,TEST
W-000379,TEST
W-003017,TEST
W-004412,TEST
W-000477,TEST
W-003298,TEST
W-003389,TEST
W-001955,TEST
W-001395,TEST
W-001511,TEST
W-000272,TEST
W-000130,TEST
W-002679,TEST
W-004570,TEST
W-001574,TEST
W-003878,TEST
W-002619,TEST
W-000273,TEST
W-003793,TEST
W-001435,TEST
W-003516,TEST
W-000617,TEST
W-002918,TEST
W-004730,TEST
W-000030,TEST
W-001998,TEST
W-000997,TEST
W-002210,TEST
W-000194,TEST
W-004013,TEST
W-004369,TEST
W-000837,TEST
W-003819,TEST
W-002793,TEST
W-002554,TEST
W-004016,TEST
W-002894,TEST
W-004393,TEST
W-002437,TEST
W-000852,TEST
W-002492,TEST
W-004132,TEST
W-002071,TEST
W-000199,TEST
W-000072,TEST
W-002155,TEST
W-002531,TEST
W-001078,TEST
W-004395,TEST
W-003275,TEST
W-000894,TEST
W-003054,TEST
W-002897,TEST
W-000271,TEST
W-002771,TEST
W-004353,TEST
W-002249,TEST
W-001059,TEST
W-000689,TEST
W-001934,TEST
W-000076,TEST
W-003879,TEST
W-004332,TEST
W-001079,TEST
W-000032,TEST
W-000253,TEST
W-000629,TEST
W-001672,TEST
W-004749,TEST
W-000814,TEST
W-003371,TEST
W-002356,TEST
W-000538,TEST
W-000057,TEST
W-000410,TEST
W-004190,TEST
W-003915,TEST
W-004613,TEST
W-003492,TEST
W-001835,TEST
W-000729,TEST
W-004137,TEST
W-003190,TEST
W-002532,TEST
W-003291,TEST
W-004578,TEST
W-004549,TEST
W-004178,TEST
W-001830,TEST
W-000831,TEST
W-002799,TEST
W-000511,TEST
W-000569,TEST
W-004956,TEST
W-001239,TEST
W-001679,TEST
W-004650,TEST
W-002270,TEST
W-002971,TEST
W-001516,TEST
W-002530,TEST
W-004253,TEST
W-001315,TEST
W-000394,TEST
W-001814,TEST
W-004459,TEST
W-002712,TEST
W-002890,TEST
W-000776,TEST
W-000892,TEST
W-001389,TEST
W-000138,TEST
W-002349,TEST
W-000630,TEST
W-004295,TEST
W-000951,TEST
W-001130,TEST
W-001593,TEST
W-002578,TEST
W-000915,TEST
W-003852,TEST
W-003797,TEST
W-002979,TEST
W-001737,TEST
W-004829,TEST
W-001190,TEST
W-002170,TEST
W-002358,TEST
W-000993,TEST
W-000959,TEST
W-003349,TEST
W-000754,TEST
W-004632,TEST
W-000330,TEST
W-003959,TEST
W-002118,TEST
W-004149,TEST
W-004374,TEST
W-000838,TEST
W-000476,TEST
W-004669,TEST
W-000970,TEST
W-002390,TEST
W-001475,TEST
W-004655,TEST
W-003095,TEST
W-002815,TEST
W-004037,TEST
W-003171,TEST
W-003189,TEST
W-000749,TEST
W-000092,TEST
W-001576,TEST
W-002972,TEST
W-003554,TEST
W-003929,TEST
W-001712,TEST
W-002617,TEST
W-002758,TEST
W-002670,TEST
W-004969,TEST
W-004915,TEST
W-004270,TEST
W-000358,TEST
W-000212,TEST
W-001495,TEST
W-003475,TEST
W-002715,TEST
W-001614,TEST
W-003869,TEST
W-003016,TEST
W-001430,TEST
W-001990,TEST
W-000669,TEST
W-003253,TEST
W-001654,TEST
W-002311,TEST
W-000995,TEST
W-001834,TEST
W-001413,TEST
W-003930,TEST
W-001514,TEST
W-001213,TEST
W-004597,TEST
W-000059,TEST
W-003874,TEST
W-003055,TEST
W-003850,TEST
W-001550,TEST
W-003052,TEST
W-003238,TEST
W-001311,TEST
W-000576,TEST
W-004497,TEST
W-000490,TEST
W-004876,TEST
W-004970,TEST
W-002649,TEST
W-003217,TEST
W-000377,TEST
W-000738,TEST
W-000499,TEST
W-001056,TEST
W-001355,TEST
W-000918,TEST
W-002716,TEST
W-000657,TEST
W-000098,TEST
W-004638,TEST
W-001630,TEST
W-000313,TEST
W-004159,TEST
W-004636,TEST
W-001014,TEST
W-004275,TEST
W-000075,TEST
W-000536,TEST
W-003713,TEST
W-000899,TEST
W-002350,TEST
W-000613,TEST
W-002809,TEST
W-003410,TEST
W-003794,TEST
W-004818,TEST
W-003532,TEST
W-001932,TEST
W-004112,TEST
W-000191,TEST
W-002459,TEST
W-003090,TEST
W-004738,TEST
W-002997,TEST
W-004532,TEST
W-004932,TEST
W-002776,TEST
W-004795,TEST
W-000019,TEST
W-003696,TEST
W-000116,TEST
W-000731,TEST
W-002059,TEST
W-000659,TEST
W-004432,TEST
W-002056,TEST
W-004219,TEST
W-001677,TEST
W-003639,TEST
W-000117,TEST
W-002475,TEST
W-000017,TEST
W-004010,TEST
W-001609,TEST
W-003595,TEST
W-004517,TEST
W-002570,TEST
W-001035,TEST
W-003390,TEST
W-003352,TEST
W-002171,TEST
W-002318,TEST
W-004779,TEST
W-000049,TEST
W-000452,TEST
W-004893,TEST
W-002750,TEST
W-000850,TEST
W-000638,TEST
W-004831,TEST
W-001391,TEST
W-000498,TEST
W-002239,TEST
W-000077,TEST
W-003717,TEST
W-002314,TEST
W-003118,TEST
W-003296,TEST
W-004213,TEST
W-000571,TEST
W-003817,TEST
W-002709,TEST
W-002749,TEST
W-004971,TEST
W-000675,TEST
W-003156,TEST
W-002097,TEST
W-003937,TEST
W-002395,TEST
W-003412,TEST
W-003234,TEST
W-003358,TEST
W-001291,TEST
W-002854,TEST
W-000733,TEST
W-001496,TEST
W-004169,TEST
W-001856,TEST
W-003529,TEST
W-001815,TEST
W-000551,TEST
W-001769,TEST
W-004899,TEST
W-002819,TEST
W-002791,TEST
W-004797,TEST
W-003437,TEST
W-001231,TEST
W-002032,TEST
W-002214,TEST
W-004870,TEST
W-004157,TEST
W-002132,TEST
W-000392,TEST
W-004194,TEST
W-002710,TEST
W-002770,TEST
W-001412,TEST
W-000753,TEST
W-001353,TEST
W-002555,TEST
W-003810,TEST
W-002073,TEST
W-000232,TEST
W-004711,TEST
W-004950,TEST
W-004116,TEST
W-004212,TEST
W-003919,TEST
W-000519,TEST
W-000651,TEST
W-003010,TEST
